,province,date
0,Busan_Cdate,5
1,Busan_Cdate,2
2,Busan_Cdate,6
3,Busan_Cdate,8
4,Busan_Cdate,3
5,Busan_Cdate,2
6,Busan_Cdate,4
7,Busan_Cdate,5
8,Busan_Cdate,3
9,Busan_Cdate,6
10,Busan_Cdate,6
11,Busan_Cdate,3
12,Busan_Cdate,12
13,Busan_Cdate,1
14,Busan_Cdate,2
15,Busan_Cdate,10
16,Busan_Cdate,27
17,Busan_Cdate,1
18,Busan_Cdate,4
19,Busan_Cdate,1
20,Busan_Cdate,8
21,Busan_Cdate,4
22,Busan_Cdate,1
23,Busan_Cdate,2
24,Busan_Cdate,1
25,Busan_Cdate,6
26,Busan_Cdate,5
27,Busan_Cdate,0
28,Busan_Cdate,7
29,Busan_Cdate,6
30,Busan_Cdate,1
31,Busan_Cdate,1
32,Busan_Cdate,3
33,Busan_Cdate,4
34,Busan_Cdate,1
35,Busan_Cdate,0
36,Busan_Cdate,1
37,Busan_Cdate,1
38,Busan_Cdate,1
39,Busan_Cdate,5
40,Busan_Cdate,8
41,Busan_Cdate,1
42,Busan_Cdate,4
43,Busan_Cdate,0
44,Busan_Cdate,2
45,Busan_Cdate,6
46,Busan_Cdate,4
47,Busan_Cdate,6
48,Busan_Cdate,2
49,Busan_Cdate,3
50,Busan_Cdate,4
51,Busan_Cdate,5
52,Busan_Cdate,5
53,Busan_Cdate,1
54,Busan_Cdate,1
55,Busan_Cdate,0
56,Busan_Cdate,3
57,Busan_Cdate,1
58,Busan_Cdate,3
59,Busan_Cdate,1
60,Busan_Cdate,3
61,Busan_Cdate,5
62,Busan_Cdate,7
63,Busan_Cdate,10
64,Busan_Cdate,13
65,Busan_Cdate,6
66,Busan_Cdate,2
67,Busan_Cdate,5
68,Busan_Cdate,2
69,Busan_Cdate,2
70,Busan_Cdate,1
71,Chungcheongbuk-do_Rdate,23
72,Chungcheongbuk-do_Rdate,19
73,Chungcheongbuk-do_Rdate,19
74,Chungcheongbuk-do_Rdate,41
75,Chungcheongbuk-do_Rdate,4
76,Chungcheongbuk-do_Rdate,25
77,Chungcheongbuk-do_Rdate,28
78,Chungcheongbuk-do_Rdate,20
79,Chungcheongbuk-do_Rdate,53
80,Chungcheongbuk-do_Rdate,26
81,Chungcheongbuk-do_Rdate,25
82,Chungcheongbuk-do_Rdate,27
83,Chungcheongbuk-do_Rdate,13
84,Chungcheongbuk-do_Rdate,30
85,Chungcheongbuk-do_Rdate,23
86,Chungcheongbuk-do_Rdate,14
87,Chungcheongbuk-do_Rdate,23
88,Chungcheongbuk-do_Rdate,23
89,Chungcheongbuk-do_Rdate,12
90,Chungcheongbuk-do_Rdate,8
91,Chungcheongbuk-do_Rdate,38
92,Chungcheongbuk-do_Rdate,12
93,Chungcheongbuk-do_Rdate,49
94,Chungcheongbuk-do_Rdate,19
95,Chungcheongbuk-do_Rdate,19
96,Chungcheongbuk-do_Rdate,13
97,Chungcheongbuk-do_Rdate,36
98,Chungcheongbuk-do_Rdate,32
99,Chungcheongbuk-do_Rdate,15
100,Chungcheongbuk-do_Rdate,49
101,Chungcheongbuk-do_Rdate,31
102,Chungcheongbuk-do_Rdate,33
103,Chungcheongbuk-do_Rdate,47
104,Chungcheongbuk-do_Rdate,17
105,Chungcheongbuk-do_Rdate,18
106,Chungcheongbuk-do_Rdate,24
107,Chungcheongbuk-do_Rdate,4
108,Chungcheongbuk-do_Rdate,24
109,Chungcheongbuk-do_Rdate,21
110,Chungcheongbuk-do_Rdate,14
111,Chungcheongbuk-do_Rdate,9
112,Chungcheongbuk-do_Rdate,29
113,Chungcheongbuk-do_Rdate,9
114,Chungcheongbuk-do_Rdate,33
115,Chungcheongbuk-do_Rdate,26
116,Chungcheongbuk-do_Rdate,15
117,Chungcheongbuk-do_Rdate,27
118,Chungcheongbuk-do_Rdate,19
119,Chungcheongbuk-do_Rdate,19
120,Chungcheongbuk-do_Rdate,21
121,Chungcheongnam-do_Cdate,1
122,Chungcheongnam-do_Cdate,5
123,Chungcheongnam-do_Cdate,5
124,Chungcheongnam-do_Cdate,1
125,Chungcheongnam-do_Cdate,1
126,Chungcheongnam-do_Cdate,5
127,Chungcheongnam-do_Cdate,1
128,Chungcheongnam-do_Cdate,1
129,Chungcheongnam-do_Cdate,1
130,Chungcheongnam-do_Cdate,3
131,Chungcheongnam-do_Cdate,2
132,Chungcheongnam-do_Cdate,4
133,Chungcheongnam-do_Cdate,5
134,Chungcheongnam-do_Cdate,2
135,Chungcheongnam-do_Cdate,4
136,Chungcheongnam-do_Cdate,4
137,Chungcheongnam-do_Cdate,7
138,Chungcheongnam-do_Cdate,3
139,Chungcheongnam-do_Cdate,3
140,Chungcheongnam-do_Cdate,3
141,Chungcheongnam-do_Cdate,1
142,Chungcheongnam-do_Cdate,6
143,Chungcheongnam-do_Cdate,1
144,Chungcheongnam-do_Cdate,4
145,Chungcheongnam-do_Cdate,6
146,Chungcheongnam-do_Cdate,3
147,Chungcheongnam-do_Cdate,2
148,Chungcheongnam-do_Cdate,5
149,Chungcheongnam-do_Cdate,3
150,Chungcheongnam-do_Cdate,5
151,Chungcheongnam-do_Cdate,1
152,Chungcheongnam-do_Cdate,1
153,Chungcheongnam-do_Cdate,3
154,Chungcheongnam-do_Cdate,1
155,Chungcheongnam-do_Cdate,7
156,Chungcheongnam-do_Cdate,1
157,Chungcheongnam-do_Cdate,6
158,Chungcheongnam-do_Cdate,6
159,Chungcheongnam-do_Cdate,1
160,Chungcheongnam-do_Cdate,6
161,Chungcheongnam-do_Cdate,48
162,Chungcheongnam-do_Cdate,3
163,Chungcheongnam-do_Cdate,5
164,Chungcheongnam-do_Cdate,1
165,Chungcheongnam-do_Cdate,0
166,Chungcheongnam-do_Cdate,1
167,Chungcheongnam-do_Cdate,8
168,Chungcheongnam-do_Cdate,11
169,Chungcheongnam-do_Cdate,4
170,Chungcheongnam-do_Cdate,0
171,Chungcheongnam-do_Cdate,2
172,Chungcheongnam-do_Cdate,6
173,Chungcheongnam-do_Cdate,10
174,Chungcheongnam-do_Cdate,5
175,Chungcheongnam-do_Cdate,2
176,Chungcheongnam-do_Cdate,1
177,Chungcheongnam-do_Cdate,1
178,Chungcheongnam-do_Cdate,5
179,Chungcheongnam-do_Cdate,5
180,Chungcheongnam-do_Cdate,1
181,Chungcheongnam-do_Cdate,3
182,Chungcheongnam-do_Cdate,4
183,Chungcheongnam-do_Cdate,2
184,Chungcheongnam-do_Cdate,4
185,Chungcheongnam-do_Cdate,8
186,Chungcheongnam-do_Cdate,0
187,Chungcheongnam-do_Cdate,7
188,Chungcheongnam-do_Cdate,1
189,Chungcheongnam-do_Cdate,3
190,Chungcheongnam-do_Rdate,44
191,Chungcheongnam-do_Rdate,20
192,Chungcheongnam-do_Rdate,22
193,Chungcheongnam-do_Rdate,26
194,Chungcheongnam-do_Rdate,20
195,Chungcheongnam-do_Rdate,21
196,Chungcheongnam-do_Rdate,7
197,Chungcheongnam-do_Rdate,38
198,Chungcheongnam-do_Rdate,43
199,Chungcheongnam-do_Rdate,29
200,Chungcheongnam-do_Rdate,19
201,Chungcheongnam-do_Rdate,17
202,Chungcheongnam-do_Rdate,19
203,Chungcheongnam-do_Rdate,19
204,Chungcheongnam-do_Rdate,14
205,Chungcheongnam-do_Rdate,42
206,Chungcheongnam-do_Rdate,23
207,Chungcheongnam-do_Rdate,17
208,Chungcheongnam-do_Rdate,9
209,Chungcheongnam-do_Rdate,12
210,Chungcheongnam-do_Rdate,11
211,Chungcheongnam-do_Rdate,20
212,Chungcheongnam-do_Rdate,33
213,Chungcheongnam-do_Rdate,15
214,Chungcheongnam-do_Rdate,46
215,Chungcheongnam-do_Rdate,18
216,Chungcheongnam-do_Rdate,14
217,Chungcheongnam-do_Rdate,42
218,Chungcheongnam-do_Rdate,25
219,Chungcheongnam-do_Rdate,26
220,Chungcheongnam-do_Rdate,31
221,Chungcheongnam-do_Rdate,4
222,Chungcheongnam-do_Rdate,44
223,Chungcheongnam-do_Rdate,19
224,Chungcheongnam-do_Rdate,27
225,Chungcheongnam-do_Rdate,32
226,Chungcheongnam-do_Rdate,17
227,Chungcheongnam-do_Rdate,28
228,Chungcheongnam-do_Rdate,71
229,Chungcheongnam-do_Rdate,29
230,Chungcheongnam-do_Rdate,22
231,Chungcheongnam-do_Rdate,9
232,Chungcheongnam-do_Rdate,10
233,Chungcheongnam-do_Rdate,24
234,Chungcheongnam-do_Rdate,7
235,Chungcheongnam-do_Rdate,27
236,Chungcheongnam-do_Rdate,23
237,Chungcheongnam-do_Rdate,25
238,Chungcheongnam-do_Rdate,19
239,Chungcheongnam-do_Rdate,16
240,Chungcheongnam-do_Rdate,20
241,Chungcheongnam-do_Rdate,25
242,Chungcheongnam-do_Rdate,34
243,Chungcheongnam-do_Rdate,19
244,Chungcheongnam-do_Rdate,28
245,Chungcheongnam-do_Rdate,51
246,Chungcheongnam-do_Rdate,50
247,Chungcheongnam-do_Rdate,26
248,Chungcheongnam-do_Rdate,32
249,Chungcheongnam-do_Rdate,29
250,Chungcheongnam-do_Rdate,25
251,Chungcheongnam-do_Rdate,30
252,Chungcheongnam-do_Rdate,21
253,Chungcheongnam-do_Rdate,24
254,Chungcheongnam-do_Rdate,19
255,Chungcheongnam-do_Rdate,34
256,Chungcheongnam-do_Rdate,17
257,Chungcheongnam-do_Rdate,26
258,Chungcheongnam-do_Rdate,38
259,Chungcheongnam-do_Rdate,19
260,Chungcheongnam-do_Rdate,19
261,Chungcheongnam-do_Rdate,43
262,Chungcheongnam-do_Rdate,24
263,Chungcheongnam-do_Rdate,18
264,Chungcheongnam-do_Rdate,49
265,Chungcheongnam-do_Rdate,13
266,Chungcheongnam-do_Rdate,43
267,Chungcheongnam-do_Rdate,11
268,Chungcheongnam-do_Rdate,11
269,Chungcheongnam-do_Rdate,27
270,Chungcheongnam-do_Rdate,23
271,Chungcheongnam-do_Rdate,32
272,Chungcheongnam-do_Rdate,30
273,Chungcheongnam-do_Rdate,69
274,Chungcheongnam-do_Rdate,38
275,Chungcheongnam-do_Rdate,23
276,Chungcheongnam-do_Rdate,25
277,Chungcheongnam-do_Rdate,19
278,Chungcheongnam-do_Rdate,13
279,Chungcheongnam-do_Rdate,35
280,Chungcheongnam-do_Rdate,35
281,Chungcheongnam-do_Rdate,37
282,Chungcheongnam-do_Rdate,16
283,Chungcheongnam-do_Rdate,12
284,Chungcheongnam-do_Rdate,17
285,Chungcheongnam-do_Rdate,44
286,Chungcheongnam-do_Rdate,20
287,Chungcheongnam-do_Rdate,24
288,Chungcheongnam-do_Rdate,29
289,Chungcheongnam-do_Rdate,18
290,Chungcheongnam-do_Rdate,18
291,Chungcheongnam-do_Rdate,12
292,Chungcheongnam-do_Rdate,15
293,Chungcheongnam-do_Rdate,18
294,Chungcheongnam-do_Rdate,18
295,Chungcheongnam-do_Rdate,67
296,Chungcheongnam-do_Rdate,9
297,Chungcheongnam-do_Rdate,18
298,Chungcheongnam-do_Rdate,21
299,Chungcheongnam-do_Rdate,25
300,Chungcheongnam-do_Rdate,21
301,Chungcheongnam-do_Rdate,19
302,Chungcheongnam-do_Rdate,16
303,Chungcheongnam-do_Rdate,17
304,Chungcheongnam-do_Rdate,22
305,Chungcheongnam-do_Rdate,39
306,Chungcheongnam-do_Rdate,15
307,Chungcheongnam-do_Rdate,51
308,Chungcheongnam-do_Rdate,24
309,Chungcheongnam-do_Rdate,23
310,Chungcheongnam-do_Rdate,14
311,Chungcheongnam-do_Rdate,16
312,Chungcheongnam-do_Rdate,16
313,Chungcheongnam-do_Rdate,27
314,Chungcheongnam-do_Rdate,15
315,Chungcheongnam-do_Rdate,19
316,Chungcheongnam-do_Rdate,19
317,Chungcheongnam-do_Rdate,20
318,Chungcheongnam-do_Rdate,22
319,Chungcheongnam-do_Rdate,17
320,Chungcheongnam-do_Rdate,17
321,Chungcheongnam-do_Rdate,23
322,Chungcheongnam-do_Rdate,11
323,Chungcheongnam-do_Rdate,23
324,Chungcheongnam-do_Rdate,23
325,Chungcheongnam-do_Rdate,17
326,Chungcheongnam-do_Rdate,23
327,Chungcheongnam-do_Rdate,17
328,Chungcheongnam-do_Rdate,22
329,Chungcheongnam-do_Rdate,19
330,Chungcheongnam-do_Rdate,15
331,Chungcheongnam-do_Rdate,26
332,Chungcheongnam-do_Rdate,19
333,Chungcheongnam-do_Rdate,25
334,Chungcheongnam-do_Rdate,21
335,Chungcheongnam-do_Rdate,30
336,Chungcheongnam-do_Rdate,24
337,Chungcheongnam-do_Rdate,10
338,Chungcheongnam-do_Rdate,21
339,Chungcheongnam-do_Rdate,14
340,Daegu_Cdate,2
341,Daegu_Cdate,9
342,Daegu_Cdate,5
343,Daegu_Cdate,3
344,Daegu_Cdate,13
345,Daegu_Cdate,7
346,Daegu_Cdate,8
347,Daegu_Rdate,9
348,Daegu_Rdate,12
349,Daegu_Rdate,7
350,Daegu_Rdate,8
351,Daejeon_Cdate,4
352,Daejeon_Cdate,2
353,Daejeon_Cdate,2
354,Daejeon_Cdate,2
355,Daejeon_Cdate,3
356,Daejeon_Cdate,5
357,Daejeon_Cdate,5
358,Daejeon_Cdate,9
359,Daejeon_Cdate,7
360,Daejeon_Cdate,3
361,Daejeon_Cdate,3
362,Daejeon_Cdate,6
363,Daejeon_Cdate,7
364,Daejeon_Cdate,5
365,Daejeon_Cdate,7
366,Daejeon_Cdate,8
367,Daejeon_Cdate,8
368,Daejeon_Cdate,2
369,Daejeon_Cdate,8
370,Daejeon_Cdate,4
371,Daejeon_Cdate,9
372,Daejeon_Cdate,3
373,Daejeon_Cdate,7
374,Daejeon_Cdate,6
375,Daejeon_Cdate,8
376,Daejeon_Cdate,10
377,Daejeon_Cdate,11
378,Daejeon_Cdate,10
379,Daejeon_Cdate,15
380,Daejeon_Cdate,2
381,Daejeon_Cdate,2
382,Daejeon_Cdate,11
383,Daejeon_Cdate,2
384,Daejeon_Cdate,5
385,Daejeon_Cdate,4
386,Daejeon_Cdate,3
387,Daejeon_Cdate,4
388,Daejeon_Cdate,13
389,Daejeon_Cdate,8
390,Daejeon_Rdate,16
391,Daejeon_Rdate,29
392,Daejeon_Rdate,29
393,Daejeon_Rdate,24
394,Daejeon_Rdate,29
395,Daejeon_Rdate,30
396,Daejeon_Rdate,7
397,Daejeon_Rdate,20
398,Daejeon_Rdate,72
399,Daejeon_Rdate,35
400,Daejeon_Rdate,12
401,Daejeon_Rdate,22
402,Daejeon_Rdate,22
403,Daejeon_Rdate,16
404,Daejeon_Rdate,5
405,Daejeon_Rdate,12
406,Daejeon_Rdate,13
407,Daejeon_Rdate,40
408,Daejeon_Rdate,15
409,Daejeon_Rdate,16
410,Daejeon_Rdate,16
411,Daejeon_Rdate,16
412,Daejeon_Rdate,25
413,Daejeon_Rdate,12
414,Daejeon_Rdate,30
415,Daejeon_Rdate,12
416,Daejeon_Rdate,30
417,Daejeon_Rdate,41
418,Daejeon_Rdate,8
419,Daejeon_Rdate,36
420,Daejeon_Rdate,22
421,Daejeon_Rdate,25
422,Daejeon_Rdate,17
423,Daejeon_Rdate,16
424,Daejeon_Rdate,14
425,Daejeon_Rdate,32
426,Daejeon_Rdate,35
427,Daejeon_Rdate,18
428,Daejeon_Rdate,38
429,Daejeon_Rdate,12
430,Daejeon_Rdate,31
431,Daejeon_Rdate,31
432,Daejeon_Rdate,8
433,Daejeon_Rdate,18
434,Gangwon-do_Rdate,8
435,Gangwon-do_Rdate,13
436,Gangwon-do_Rdate,8
437,Gangwon-do_Rdate,8
438,Gangwon-do_Rdate,25
439,Gangwon-do_Rdate,11
440,Gangwon-do_Rdate,11
441,Gangwon-do_Rdate,11
442,Gangwon-do_Rdate,11
443,Gangwon-do_Rdate,18
444,Gangwon-do_Rdate,25
445,Gangwon-do_Rdate,19
446,Gangwon-do_Rdate,8
447,Gangwon-do_Rdate,18
448,Gangwon-do_Rdate,23
449,Gangwon-do_Rdate,24
450,Gangwon-do_Rdate,23
451,Gangwon-do_Rdate,22
452,Gangwon-do_Rdate,25
453,Gangwon-do_Rdate,37
454,Gangwon-do_Rdate,53
455,Gangwon-do_Rdate,27
456,Gangwon-do_Rdate,14
457,Gangwon-do_Rdate,11
458,Gangwon-do_Rdate,19
459,Gangwon-do_Rdate,15
460,Gangwon-do_Rdate,51
461,Gangwon-do_Rdate,19
462,Gwangju_Cdate,1
463,Gwangju_Cdate,7
464,Gwangju_Cdate,6
465,Gwangju_Cdate,7
466,Gwangju_Cdate,1
467,Gwangju_Rdate,11
468,Gwangju_Rdate,17
469,Gwangju_Rdate,17
470,Gwangju_Rdate,8
471,Gwangju_Rdate,8
472,Gwangju_Rdate,13
473,Gwangju_Rdate,11
474,Gwangju_Rdate,27
475,Gwangju_Rdate,24
476,Gwangju_Rdate,17
477,Gwangju_Rdate,27
478,Gwangju_Rdate,13
479,Gwangju_Rdate,44
480,Gwangju_Rdate,15
481,Gwangju_Rdate,28
482,Gwangju_Rdate,31
483,Gwangju_Rdate,25
484,Gwangju_Rdate,13
485,Gwangju_Rdate,24
486,Gwangju_Rdate,24
487,Gwangju_Rdate,24
488,Gwangju_Rdate,26
489,Gwangju_Rdate,28
490,Gwangju_Rdate,25
491,Gwangju_Rdate,16
492,Gwangju_Rdate,11
493,Gyeonggi-do_Cdate,7
494,Gyeonggi-do_Cdate,8
495,Gyeonggi-do_Cdate,4
496,Gyeonggi-do_Cdate,2
497,Gyeonggi-do_Cdate,1
498,Gyeonggi-do_Cdate,2
499,Gyeonggi-do_Cdate,5
500,Gyeonggi-do_Cdate,1
501,Gyeonggi-do_Cdate,12
502,Gyeonggi-do_Cdate,11
503,Gyeonggi-do_Cdate,4
504,Gyeonggi-do_Cdate,2
505,Gyeonggi-do_Cdate,3
506,Gyeonggi-do_Cdate,1
507,Gyeonggi-do_Cdate,10
508,Gyeonggi-do_Cdate,3
509,Gyeonggi-do_Cdate,6
510,Gyeonggi-do_Cdate,2
511,Gyeonggi-do_Cdate,4
512,Gyeonggi-do_Cdate,5
513,Gyeonggi-do_Cdate,4
514,Gyeonggi-do_Cdate,8
515,Gyeonggi-do_Cdate,2
516,Gyeonggi-do_Cdate,6
517,Gyeonggi-do_Cdate,2
518,Gyeonggi-do_Cdate,4
519,Gyeonggi-do_Cdate,6
520,Gyeonggi-do_Cdate,9
521,Gyeonggi-do_Cdate,2
522,Gyeonggi-do_Cdate,2
523,Gyeonggi-do_Cdate,4
524,Gyeonggi-do_Cdate,5
525,Gyeonggi-do_Cdate,4
526,Gyeonggi-do_Cdate,10
527,Gyeonggi-do_Cdate,5
528,Gyeonggi-do_Cdate,1
529,Gyeonggi-do_Cdate,6
530,Gyeonggi-do_Cdate,4
531,Gyeonggi-do_Cdate,2
532,Gyeonggi-do_Cdate,2
533,Gyeonggi-do_Cdate,3
534,Gyeonggi-do_Cdate,9
535,Gyeonggi-do_Cdate,3
536,Gyeonggi-do_Cdate,8
537,Gyeonggi-do_Cdate,1
538,Gyeonggi-do_Cdate,16
539,Gyeonggi-do_Cdate,4
540,Gyeonggi-do_Cdate,3
541,Gyeonggi-do_Cdate,1
542,Gyeonggi-do_Cdate,8
543,Gyeonggi-do_Cdate,10
544,Gyeonggi-do_Cdate,1
545,Gyeonggi-do_Cdate,1
546,Gyeonggi-do_Cdate,1
547,Gyeonggi-do_Cdate,4
548,Gyeonggi-do_Cdate,13
549,Gyeonggi-do_Cdate,8
550,Gyeonggi-do_Cdate,1
551,Gyeonggi-do_Cdate,0
552,Gyeonggi-do_Cdate,14
553,Gyeonggi-do_Cdate,3
554,Gyeonggi-do_Cdate,13
555,Gyeonggi-do_Cdate,2
556,Gyeonggi-do_Cdate,2
557,Gyeonggi-do_Cdate,2
558,Gyeonggi-do_Cdate,5
559,Gyeonggi-do_Cdate,3
560,Gyeonggi-do_Cdate,3
561,Gyeonggi-do_Cdate,2
562,Gyeonggi-do_Cdate,6
563,Gyeonggi-do_Cdate,4
564,Gyeonggi-do_Cdate,2
565,Gyeonggi-do_Cdate,4
566,Gyeonggi-do_Cdate,4
567,Gyeonggi-do_Cdate,5
568,Gyeonggi-do_Cdate,3
569,Gyeonggi-do_Cdate,0
570,Gyeonggi-do_Cdate,1
571,Gyeonggi-do_Cdate,3
572,Gyeonggi-do_Cdate,3
573,Gyeonggi-do_Cdate,1
574,Gyeonggi-do_Cdate,2
575,Gyeonggi-do_Cdate,2
576,Gyeonggi-do_Cdate,12
577,Gyeonggi-do_Cdate,2
578,Gyeonggi-do_Cdate,2
579,Gyeonggi-do_Cdate,2
580,Gyeonggi-do_Cdate,9
581,Gyeonggi-do_Cdate,1
582,Gyeonggi-do_Cdate,2
583,Gyeonggi-do_Cdate,6
584,Gyeonggi-do_Cdate,1
585,Gyeonggi-do_Cdate,3
586,Gyeonggi-do_Cdate,1
587,Gyeonggi-do_Cdate,6
588,Gyeonggi-do_Cdate,3
589,Gyeonggi-do_Cdate,2
590,Gyeonggi-do_Cdate,3
591,Gyeonggi-do_Cdate,1
592,Gyeonggi-do_Cdate,3
593,Gyeonggi-do_Cdate,2
594,Gyeonggi-do_Cdate,1
595,Gyeonggi-do_Cdate,3
596,Gyeonggi-do_Cdate,1
597,Gyeonggi-do_Cdate,0
598,Gyeonggi-do_Cdate,1
599,Gyeonggi-do_Cdate,7
600,Gyeonggi-do_Cdate,4
601,Gyeonggi-do_Cdate,6
602,Gyeonggi-do_Cdate,1
603,Gyeonggi-do_Cdate,2
604,Gyeonggi-do_Cdate,2
605,Gyeonggi-do_Cdate,3
606,Gyeonggi-do_Cdate,5
607,Gyeonggi-do_Cdate,11
608,Gyeonggi-do_Cdate,10
609,Gyeonggi-do_Cdate,10
610,Gyeonggi-do_Cdate,5
611,Gyeonggi-do_Cdate,1
612,Gyeonggi-do_Cdate,6
613,Gyeonggi-do_Cdate,3
614,Gyeonggi-do_Cdate,2
615,Gyeonggi-do_Cdate,0
616,Gyeonggi-do_Cdate,4
617,Gyeonggi-do_Cdate,1
618,Gyeonggi-do_Cdate,8
619,Gyeonggi-do_Cdate,45
620,Gyeonggi-do_Cdate,1
621,Gyeonggi-do_Cdate,1
622,Gyeonggi-do_Cdate,1
623,Gyeonggi-do_Cdate,2
624,Gyeonggi-do_Cdate,0
625,Gyeonggi-do_Cdate,6
626,Gyeonggi-do_Cdate,4
627,Gyeonggi-do_Cdate,3
628,Gyeonggi-do_Cdate,5
629,Gyeonggi-do_Cdate,3
630,Gyeonggi-do_Cdate,1
631,Gyeonggi-do_Cdate,1
632,Gyeonggi-do_Cdate,6
633,Gyeonggi-do_Cdate,4
634,Gyeonggi-do_Cdate,4
635,Gyeonggi-do_Cdate,4
636,Gyeonggi-do_Cdate,1
637,Gyeonggi-do_Cdate,8
638,Gyeonggi-do_Cdate,4
639,Gyeonggi-do_Cdate,1
640,Gyeonggi-do_Cdate,3
641,Gyeonggi-do_Cdate,1
642,Gyeonggi-do_Cdate,1
643,Gyeonggi-do_Cdate,3
644,Gyeonggi-do_Cdate,6
645,Gyeonggi-do_Cdate,6
646,Gyeonggi-do_Cdate,2
647,Gyeonggi-do_Cdate,3
648,Gyeonggi-do_Cdate,8
649,Gyeonggi-do_Cdate,5
650,Gyeonggi-do_Cdate,5
651,Gyeonggi-do_Cdate,5
652,Gyeonggi-do_Cdate,2
653,Gyeonggi-do_Cdate,3
654,Gyeonggi-do_Cdate,5
655,Gyeonggi-do_Cdate,5
656,Gyeonggi-do_Cdate,8
657,Gyeonggi-do_Cdate,2
658,Gyeonggi-do_Cdate,1
659,Gyeonggi-do_Cdate,6
660,Gyeonggi-do_Cdate,4
661,Gyeonggi-do_Cdate,2
662,Gyeonggi-do_Cdate,2
663,Gyeonggi-do_Cdate,8
664,Gyeonggi-do_Cdate,1
665,Gyeonggi-do_Cdate,13
666,Gyeonggi-do_Cdate,9
667,Gyeonggi-do_Cdate,12
668,Gyeonggi-do_Cdate,1
669,Gyeonggi-do_Cdate,0
670,Gyeonggi-do_Cdate,1
671,Gyeonggi-do_Cdate,2
672,Gyeonggi-do_Cdate,4
673,Gyeonggi-do_Cdate,9
674,Gyeonggi-do_Cdate,2
675,Gyeonggi-do_Cdate,5
676,Gyeonggi-do_Cdate,2
677,Gyeonggi-do_Cdate,1
678,Gyeonggi-do_Cdate,2
679,Gyeonggi-do_Cdate,1
680,Gyeonggi-do_Cdate,1
681,Gyeonggi-do_Cdate,2
682,Gyeonggi-do_Cdate,3
683,Gyeonggi-do_Cdate,3
684,Gyeonggi-do_Cdate,3
685,Gyeonggi-do_Cdate,1
686,Gyeonggi-do_Cdate,2
687,Gyeonggi-do_Cdate,7
688,Gyeonggi-do_Cdate,5
689,Gyeonggi-do_Cdate,3
690,Gyeonggi-do_Cdate,0
691,Gyeonggi-do_Cdate,1
692,Gyeonggi-do_Cdate,7
693,Gyeonggi-do_Cdate,1
694,Gyeonggi-do_Cdate,8
695,Gyeonggi-do_Cdate,7
696,Gyeonggi-do_Rdate,6
697,Gyeonggi-do_Rdate,22
698,Gyeonggi-do_Rdate,16
699,Gyeonggi-do_Rdate,17
700,Gyeonggi-do_Rdate,13
701,Gyeonggi-do_Rdate,17
702,Gyeonggi-do_Rdate,0
703,Gyeonggi-do_Rdate,15
704,Gyeonggi-do_Rdate,7
705,Gyeonggi-do_Rdate,26
706,Gyeonggi-do_Rdate,25
707,Gyeonggi-do_Rdate,15
708,Gyeonggi-do_Rdate,37
709,Gyeonggi-do_Rdate,10
710,Gyeonggi-do_Rdate,7
711,Gyeonggi-do_Rdate,30
712,Gyeonggi-do_Rdate,26
713,Gyeonggi-do_Rdate,20
714,Gyeonggi-do_Rdate,15
715,Gyeonggi-do_Rdate,11
716,Gyeonggi-do_Rdate,20
717,Gyeonggi-do_Rdate,10
718,Gyeonggi-do_Rdate,21
719,Gyeonggi-do_Rdate,15
720,Gyeonggi-do_Rdate,16
721,Gyeonggi-do_Rdate,16
722,Gyeonggi-do_Rdate,11
723,Gyeonggi-do_Rdate,19
724,Gyeonggi-do_Rdate,11
725,Gyeonggi-do_Rdate,23
726,Gyeonggi-do_Rdate,7
727,Gyeonggi-do_Rdate,16
728,Gyeonggi-do_Rdate,14
729,Gyeonggi-do_Rdate,27
730,Gyeonggi-do_Rdate,18
731,Gyeonggi-do_Rdate,25
732,Gyeonggi-do_Rdate,5
733,Gyeonggi-do_Rdate,14
734,Gyeonggi-do_Rdate,19
735,Gyeonggi-do_Rdate,26
736,Gyeonggi-do_Rdate,15
737,Gyeonggi-do_Rdate,31
738,Gyeonggi-do_Rdate,25
739,Gyeonggi-do_Rdate,8
740,Gyeonggi-do_Rdate,22
741,Gyeonggi-do_Rdate,18
742,Gyeonggi-do_Rdate,21
743,Gyeonggi-do_Rdate,27
744,Gyeonggi-do_Rdate,18
745,Gyeonggi-do_Rdate,11
746,Gyeonggi-do_Rdate,20
747,Gyeonggi-do_Rdate,8
748,Gyeonggi-do_Rdate,15
749,Gyeonggi-do_Rdate,18
750,Gyeonggi-do_Rdate,26
751,Gyeonggi-do_Rdate,7
752,Gyeonggi-do_Rdate,8
753,Gyeonggi-do_Rdate,1
754,Gyeonggi-do_Rdate,20
755,Gyeonggi-do_Rdate,15
756,Gyeonggi-do_Rdate,14
757,Gyeongsangbuk-do_Cdate,3
758,Gyeongsangbuk-do_Cdate,3
759,Gyeongsangbuk-do_Cdate,7
760,Gyeongsangbuk-do_Cdate,6
761,Gyeongsangbuk-do_Cdate,3
762,Gyeongsangbuk-do_Cdate,8
763,Gyeongsangbuk-do_Cdate,7
764,Gyeongsangbuk-do_Cdate,9
765,Gyeongsangbuk-do_Cdate,9
766,Gyeongsangbuk-do_Cdate,9
767,Gyeongsangbuk-do_Cdate,8
768,Gyeongsangbuk-do_Cdate,3
769,Gyeongsangbuk-do_Cdate,2
770,Gyeongsangbuk-do_Cdate,6
771,Gyeongsangbuk-do_Cdate,4
772,Gyeongsangbuk-do_Cdate,4
773,Gyeongsangbuk-do_Cdate,4
774,Gyeongsangbuk-do_Cdate,10
775,Gyeongsangbuk-do_Cdate,12
776,Gyeongsangbuk-do_Cdate,6
777,Gyeongsangbuk-do_Cdate,12
778,Gyeongsangbuk-do_Cdate,9
779,Gyeongsangbuk-do_Cdate,2
780,Gyeongsangbuk-do_Cdate,7
781,Gyeongsangbuk-do_Rdate,40
782,Gyeongsangbuk-do_Rdate,15
783,Gyeongsangbuk-do_Rdate,19
784,Gyeongsangbuk-do_Rdate,29
785,Gyeongsangbuk-do_Rdate,49
786,Gyeongsangbuk-do_Rdate,29
787,Gyeongsangbuk-do_Rdate,29
788,Gyeongsangbuk-do_Rdate,31
789,Gyeongsangbuk-do_Rdate,70
790,Gyeongsangbuk-do_Rdate,51
791,Gyeongsangbuk-do_Rdate,15
792,Gyeongsangbuk-do_Rdate,20
793,Gyeongsangbuk-do_Rdate,30
794,Gyeongsangbuk-do_Rdate,37
795,Gyeongsangbuk-do_Rdate,24
796,Gyeongsangbuk-do_Rdate,26
797,Gyeongsangbuk-do_Rdate,30
798,Gyeongsangbuk-do_Rdate,22
799,Gyeongsangbuk-do_Rdate,27
800,Gyeongsangbuk-do_Rdate,26
801,Gyeongsangbuk-do_Rdate,40
802,Gyeongsangbuk-do_Rdate,36
803,Gyeongsangbuk-do_Rdate,33
804,Gyeongsangbuk-do_Rdate,34
805,Gyeongsangbuk-do_Rdate,10
806,Gyeongsangbuk-do_Rdate,28
807,Gyeongsangbuk-do_Rdate,16
808,Gyeongsangbuk-do_Rdate,10
809,Gyeongsangbuk-do_Rdate,10
810,Gyeongsangbuk-do_Rdate,14
811,Gyeongsangbuk-do_Rdate,25
812,Gyeongsangbuk-do_Rdate,9
813,Gyeongsangbuk-do_Rdate,15
814,Gyeongsangbuk-do_Rdate,15
815,Gyeongsangbuk-do_Rdate,17
816,Gyeongsangbuk-do_Rdate,35
817,Gyeongsangbuk-do_Rdate,10
818,Gyeongsangbuk-do_Rdate,50
819,Gyeongsangbuk-do_Rdate,62
820,Gyeongsangbuk-do_Rdate,15
821,Gyeongsangbuk-do_Rdate,34
822,Gyeongsangbuk-do_Rdate,27
823,Gyeongsangbuk-do_Rdate,22
824,Gyeongsangbuk-do_Rdate,35
825,Gyeongsangbuk-do_Rdate,28
826,Gyeongsangbuk-do_Rdate,32
827,Gyeongsangbuk-do_Rdate,34
828,Gyeongsangbuk-do_Rdate,34
829,Gyeongsangbuk-do_Rdate,14
830,Gyeongsangbuk-do_Rdate,34
831,Gyeongsangbuk-do_Rdate,29
832,Gyeongsangbuk-do_Rdate,11
833,Gyeongsangbuk-do_Rdate,16
834,Gyeongsangbuk-do_Rdate,31
835,Gyeongsangbuk-do_Rdate,24
836,Gyeongsangbuk-do_Rdate,33
837,Gyeongsangbuk-do_Rdate,17
838,Gyeongsangbuk-do_Rdate,33
839,Gyeongsangbuk-do_Rdate,14
840,Gyeongsangbuk-do_Rdate,23
841,Gyeongsangbuk-do_Rdate,25
842,Gyeongsangbuk-do_Rdate,23
843,Gyeongsangbuk-do_Rdate,24
844,Gyeongsangbuk-do_Rdate,24
845,Gyeongsangbuk-do_Rdate,23
846,Gyeongsangbuk-do_Rdate,33
847,Gyeongsangbuk-do_Rdate,31
848,Gyeongsangbuk-do_Rdate,18
849,Gyeongsangbuk-do_Rdate,25
850,Gyeongsangbuk-do_Rdate,24
851,Gyeongsangbuk-do_Rdate,52
852,Gyeongsangbuk-do_Rdate,25
853,Gyeongsangbuk-do_Rdate,34
854,Gyeongsangbuk-do_Rdate,23
855,Gyeongsangbuk-do_Rdate,39
856,Gyeongsangbuk-do_Rdate,31
857,Gyeongsangbuk-do_Rdate,28
858,Gyeongsangbuk-do_Rdate,16
859,Gyeongsangbuk-do_Rdate,38
860,Gyeongsangbuk-do_Rdate,31
861,Gyeongsangbuk-do_Rdate,27
862,Gyeongsangbuk-do_Rdate,51
863,Gyeongsangbuk-do_Rdate,35
864,Gyeongsangbuk-do_Rdate,25
865,Gyeongsangbuk-do_Rdate,19
866,Gyeongsangbuk-do_Rdate,42
867,Gyeongsangbuk-do_Rdate,23
868,Gyeongsangbuk-do_Rdate,8
869,Gyeongsangbuk-do_Rdate,15
870,Gyeongsangbuk-do_Rdate,43
871,Gyeongsangbuk-do_Rdate,25
872,Gyeongsangbuk-do_Rdate,39
873,Gyeongsangbuk-do_Rdate,25
874,Gyeongsangbuk-do_Rdate,42
875,Gyeongsangbuk-do_Rdate,45
876,Gyeongsangbuk-do_Rdate,24
877,Gyeongsangbuk-do_Rdate,24
878,Gyeongsangbuk-do_Rdate,25
879,Gyeongsangbuk-do_Rdate,9
880,Gyeongsangbuk-do_Rdate,23
881,Gyeongsangbuk-do_Rdate,14
882,Gyeongsangbuk-do_Rdate,24
883,Gyeongsangbuk-do_Rdate,23
884,Gyeongsangbuk-do_Rdate,26
885,Gyeongsangbuk-do_Rdate,108
886,Gyeongsangbuk-do_Rdate,19
887,Gyeongsangbuk-do_Rdate,17
888,Gyeongsangbuk-do_Rdate,22
889,Gyeongsangbuk-do_Rdate,24
890,Gyeongsangbuk-do_Rdate,22
891,Gyeongsangbuk-do_Rdate,25
892,Gyeongsangbuk-do_Rdate,16
893,Gyeongsangbuk-do_Rdate,22
894,Gyeongsangbuk-do_Rdate,45
895,Gyeongsangbuk-do_Rdate,35
896,Gyeongsangbuk-do_Rdate,27
897,Gyeongsangbuk-do_Rdate,26
898,Gyeongsangbuk-do_Rdate,29
899,Gyeongsangbuk-do_Rdate,23
900,Gyeongsangbuk-do_Rdate,26
901,Gyeongsangbuk-do_Rdate,27
902,Gyeongsangbuk-do_Rdate,12
903,Gyeongsangbuk-do_Rdate,28
904,Gyeongsangbuk-do_Rdate,42
905,Gyeongsangbuk-do_Rdate,24
906,Gyeongsangbuk-do_Rdate,17
907,Gyeongsangbuk-do_Rdate,20
908,Gyeongsangbuk-do_Rdate,27
909,Gyeongsangbuk-do_Rdate,20
910,Gyeongsangbuk-do_Rdate,16
911,Gyeongsangbuk-do_Rdate,34
912,Gyeongsangbuk-do_Rdate,11
913,Gyeongsangbuk-do_Rdate,32
914,Gyeongsangbuk-do_Rdate,34
915,Gyeongsangbuk-do_Rdate,19
916,Gyeongsangbuk-do_Rdate,11
917,Gyeongsangbuk-do_Rdate,24
918,Gyeongsangbuk-do_Rdate,17
919,Gyeongsangbuk-do_Rdate,19
920,Gyeongsangbuk-do_Rdate,38
921,Gyeongsangbuk-do_Rdate,46
922,Gyeongsangbuk-do_Rdate,23
923,Gyeongsangbuk-do_Rdate,17
924,Gyeongsangbuk-do_Rdate,11
925,Gyeongsangbuk-do_Rdate,12
926,Gyeongsangbuk-do_Rdate,69
927,Gyeongsangbuk-do_Rdate,16
928,Gyeongsangbuk-do_Rdate,11
929,Gyeongsangbuk-do_Rdate,33
930,Gyeongsangbuk-do_Rdate,27
931,Gyeongsangbuk-do_Rdate,23
932,Gyeongsangbuk-do_Rdate,23
933,Gyeongsangbuk-do_Rdate,9
934,Gyeongsangbuk-do_Rdate,26
935,Gyeongsangbuk-do_Rdate,32
936,Gyeongsangbuk-do_Rdate,35
937,Gyeongsangbuk-do_Rdate,40
938,Gyeongsangbuk-do_Rdate,13
939,Gyeongsangbuk-do_Rdate,25
940,Gyeongsangbuk-do_Rdate,32
941,Gyeongsangbuk-do_Rdate,42
942,Gyeongsangbuk-do_Rdate,29
943,Gyeongsangbuk-do_Rdate,19
944,Gyeongsangbuk-do_Rdate,22
945,Gyeongsangbuk-do_Rdate,66
946,Gyeongsangbuk-do_Rdate,18
947,Gyeongsangbuk-do_Rdate,35
948,Gyeongsangbuk-do_Rdate,69
949,Gyeongsangbuk-do_Rdate,25
950,Gyeongsangbuk-do_Rdate,32
951,Gyeongsangbuk-do_Rdate,24
952,Gyeongsangbuk-do_Rdate,14
953,Gyeongsangbuk-do_Rdate,16
954,Gyeongsangbuk-do_Rdate,20
955,Gyeongsangbuk-do_Rdate,24
956,Gyeongsangbuk-do_Rdate,64
957,Gyeongsangbuk-do_Rdate,15
958,Gyeongsangbuk-do_Rdate,22
959,Gyeongsangbuk-do_Rdate,36
960,Gyeongsangbuk-do_Rdate,36
961,Gyeongsangbuk-do_Rdate,19
962,Gyeongsangbuk-do_Rdate,24
963,Gyeongsangbuk-do_Rdate,31
964,Gyeongsangbuk-do_Rdate,37
965,Gyeongsangbuk-do_Rdate,9
966,Gyeongsangbuk-do_Rdate,65
967,Gyeongsangbuk-do_Rdate,23
968,Gyeongsangbuk-do_Rdate,18
969,Gyeongsangbuk-do_Rdate,27
970,Gyeongsangbuk-do_Rdate,19
971,Gyeongsangbuk-do_Rdate,38
972,Gyeongsangbuk-do_Rdate,36
973,Gyeongsangbuk-do_Rdate,22
974,Gyeongsangbuk-do_Rdate,31
975,Gyeongsangbuk-do_Rdate,10
976,Gyeongsangbuk-do_Rdate,22
977,Gyeongsangbuk-do_Rdate,31
978,Gyeongsangbuk-do_Rdate,23
979,Gyeongsangbuk-do_Rdate,14
980,Gyeongsangbuk-do_Rdate,34
981,Gyeongsangbuk-do_Rdate,34
982,Gyeongsangbuk-do_Rdate,17
983,Gyeongsangbuk-do_Rdate,25
984,Gyeongsangbuk-do_Rdate,9
985,Gyeongsangbuk-do_Rdate,28
986,Gyeongsangbuk-do_Rdate,21
987,Gyeongsangbuk-do_Rdate,11
988,Gyeongsangbuk-do_Rdate,19
989,Gyeongsangbuk-do_Rdate,24
990,Gyeongsangbuk-do_Rdate,10
991,Gyeongsangbuk-do_Rdate,9
992,Gyeongsangbuk-do_Rdate,74
993,Gyeongsangbuk-do_Rdate,29
994,Gyeongsangbuk-do_Rdate,20
995,Gyeongsangbuk-do_Rdate,16
996,Gyeongsangbuk-do_Rdate,20
997,Gyeongsangbuk-do_Rdate,16
998,Gyeongsangbuk-do_Rdate,25
999,Gyeongsangbuk-do_Rdate,52
1000,Gyeongsangbuk-do_Rdate,54
1001,Gyeongsangbuk-do_Rdate,61
1002,Gyeongsangbuk-do_Rdate,29
1003,Gyeongsangbuk-do_Rdate,62
1004,Gyeongsangbuk-do_Rdate,35
1005,Gyeongsangbuk-do_Rdate,11
1006,Gyeongsangbuk-do_Rdate,19
1007,Gyeongsangbuk-do_Rdate,59
1008,Gyeongsangbuk-do_Rdate,13
1009,Gyeongsangbuk-do_Rdate,9
1010,Gyeongsangbuk-do_Rdate,47
1011,Gyeongsangbuk-do_Rdate,25
1012,Gyeongsangbuk-do_Rdate,19
1013,Gyeongsangbuk-do_Rdate,12
1014,Gyeongsangbuk-do_Rdate,18
1015,Gyeongsangbuk-do_Rdate,16
1016,Gyeongsangbuk-do_Rdate,34
1017,Gyeongsangbuk-do_Rdate,66
1018,Gyeongsangbuk-do_Rdate,11
1019,Gyeongsangbuk-do_Rdate,62
1020,Gyeongsangbuk-do_Rdate,10
1021,Gyeongsangbuk-do_Rdate,64
1022,Gyeongsangbuk-do_Rdate,40
1023,Gyeongsangbuk-do_Rdate,31
1024,Gyeongsangbuk-do_Rdate,93
1025,Gyeongsangbuk-do_Rdate,18
1026,Gyeongsangbuk-do_Rdate,27
1027,Gyeongsangbuk-do_Rdate,19
1028,Gyeongsangbuk-do_Rdate,12
1029,Gyeongsangbuk-do_Rdate,32
1030,Gyeongsangbuk-do_Rdate,28
1031,Gyeongsangbuk-do_Rdate,21
1032,Gyeongsangbuk-do_Rdate,54
1033,Gyeongsangbuk-do_Rdate,15
1034,Gyeongsangbuk-do_Rdate,27
1035,Gyeongsangbuk-do_Rdate,45
1036,Gyeongsangbuk-do_Rdate,11
1037,Gyeongsangbuk-do_Rdate,11
1038,Gyeongsangbuk-do_Rdate,11
1039,Gyeongsangbuk-do_Rdate,22
1040,Gyeongsangbuk-do_Rdate,12
1041,Gyeongsangbuk-do_Rdate,16
1042,Gyeongsangbuk-do_Rdate,21
1043,Gyeongsangbuk-do_Rdate,62
1044,Gyeongsangbuk-do_Rdate,41
1045,Gyeongsangbuk-do_Rdate,39
1046,Gyeongsangbuk-do_Rdate,21
1047,Gyeongsangbuk-do_Rdate,31
1048,Gyeongsangbuk-do_Rdate,17
1049,Gyeongsangbuk-do_Rdate,61
1050,Gyeongsangbuk-do_Rdate,14
1051,Gyeongsangbuk-do_Rdate,18
1052,Gyeongsangbuk-do_Rdate,9
1053,Gyeongsangbuk-do_Rdate,33
1054,Gyeongsangbuk-do_Rdate,44
1055,Gyeongsangbuk-do_Rdate,23
1056,Gyeongsangbuk-do_Rdate,94
1057,Gyeongsangbuk-do_Rdate,47
1058,Gyeongsangbuk-do_Rdate,31
1059,Gyeongsangbuk-do_Rdate,18
1060,Gyeongsangbuk-do_Rdate,12
1061,Gyeongsangbuk-do_Rdate,11
1062,Gyeongsangbuk-do_Rdate,25
1063,Gyeongsangbuk-do_Rdate,12
1064,Gyeongsangbuk-do_Rdate,17
1065,Gyeongsangbuk-do_Rdate,21
1066,Gyeongsangbuk-do_Rdate,24
1067,Gyeongsangbuk-do_Rdate,24
1068,Gyeongsangbuk-do_Rdate,10
1069,Gyeongsangbuk-do_Rdate,38
1070,Gyeongsangbuk-do_Rdate,12
1071,Gyeongsangbuk-do_Rdate,11
1072,Gyeongsangbuk-do_Rdate,32
1073,Gyeongsangbuk-do_Rdate,25
1074,Gyeongsangbuk-do_Rdate,16
1075,Gyeongsangbuk-do_Rdate,9
1076,Gyeongsangbuk-do_Rdate,23
1077,Gyeongsangbuk-do_Rdate,36
1078,Gyeongsangbuk-do_Rdate,13
1079,Gyeongsangbuk-do_Rdate,9
1080,Gyeongsangbuk-do_Rdate,22
1081,Gyeongsangbuk-do_Rdate,26
1082,Gyeongsangbuk-do_Rdate,32
1083,Gyeongsangbuk-do_Rdate,21
1084,Gyeongsangbuk-do_Rdate,14
1085,Gyeongsangbuk-do_Rdate,24
1086,Gyeongsangbuk-do_Rdate,21
1087,Gyeongsangbuk-do_Rdate,17
1088,Gyeongsangbuk-do_Rdate,15
1089,Gyeongsangbuk-do_Rdate,21
1090,Gyeongsangbuk-do_Rdate,45
1091,Gyeongsangbuk-do_Rdate,21
1092,Gyeongsangbuk-do_Rdate,20
1093,Gyeongsangbuk-do_Rdate,17
1094,Gyeongsangbuk-do_Rdate,17
1095,Gyeongsangbuk-do_Rdate,20
1096,Gyeongsangbuk-do_Rdate,24
1097,Gyeongsangbuk-do_Rdate,23
1098,Gyeongsangbuk-do_Rdate,11
1099,Gyeongsangbuk-do_Rdate,12
1100,Gyeongsangbuk-do_Rdate,19
1101,Gyeongsangbuk-do_Rdate,12
1102,Gyeongsangbuk-do_Rdate,11
1103,Gyeongsangbuk-do_Rdate,12
1104,Gyeongsangbuk-do_Rdate,12
1105,Gyeongsangbuk-do_Rdate,29
1106,Gyeongsangbuk-do_Rdate,46
1107,Gyeongsangbuk-do_Rdate,57
1108,Gyeongsangbuk-do_Rdate,28
1109,Gyeongsangbuk-do_Rdate,17
1110,Gyeongsangbuk-do_Rdate,41
1111,Gyeongsangbuk-do_Rdate,16
1112,Gyeongsangbuk-do_Rdate,11
1113,Gyeongsangbuk-do_Rdate,17
1114,Gyeongsangbuk-do_Rdate,27
1115,Gyeongsangbuk-do_Rdate,39
1116,Gyeongsangbuk-do_Rdate,42
1117,Gyeongsangbuk-do_Rdate,24
1118,Gyeongsangbuk-do_Rdate,32
1119,Gyeongsangbuk-do_Rdate,23
1120,Gyeongsangbuk-do_Rdate,24
1121,Gyeongsangbuk-do_Rdate,27
1122,Gyeongsangbuk-do_Rdate,18
1123,Gyeongsangbuk-do_Rdate,18
1124,Gyeongsangbuk-do_Rdate,54
1125,Gyeongsangbuk-do_Rdate,22
1126,Gyeongsangbuk-do_Rdate,18
1127,Gyeongsangbuk-do_Rdate,38
1128,Gyeongsangbuk-do_Rdate,27
1129,Gyeongsangbuk-do_Rdate,41
1130,Gyeongsangbuk-do_Rdate,19
1131,Gyeongsangbuk-do_Rdate,25
1132,Gyeongsangbuk-do_Rdate,35
1133,Gyeongsangbuk-do_Rdate,22
1134,Gyeongsangbuk-do_Rdate,22
1135,Gyeongsangbuk-do_Rdate,22
1136,Gyeongsangbuk-do_Rdate,25
1137,Gyeongsangbuk-do_Rdate,28
1138,Gyeongsangbuk-do_Rdate,11
1139,Gyeongsangbuk-do_Rdate,20
1140,Gyeongsangbuk-do_Rdate,35
1141,Gyeongsangbuk-do_Rdate,22
1142,Gyeongsangbuk-do_Rdate,41
1143,Gyeongsangbuk-do_Rdate,34
1144,Gyeongsangbuk-do_Rdate,11
1145,Gyeongsangbuk-do_Rdate,18
1146,Gyeongsangbuk-do_Rdate,12
1147,Gyeongsangbuk-do_Rdate,18
1148,Gyeongsangbuk-do_Rdate,19
1149,Gyeongsangbuk-do_Rdate,25
1150,Gyeongsangbuk-do_Rdate,41
1151,Gyeongsangbuk-do_Rdate,40
1152,Gyeongsangbuk-do_Rdate,12
1153,Gyeongsangbuk-do_Rdate,12
1154,Gyeongsangbuk-do_Rdate,14
1155,Gyeongsangbuk-do_Rdate,29
1156,Gyeongsangbuk-do_Rdate,15
1157,Gyeongsangbuk-do_Rdate,18
1158,Gyeongsangbuk-do_Rdate,26
1159,Gyeongsangbuk-do_Rdate,27
1160,Gyeongsangbuk-do_Rdate,18
1161,Gyeongsangbuk-do_Rdate,11
1162,Gyeongsangbuk-do_Rdate,24
1163,Gyeongsangbuk-do_Rdate,20
1164,Gyeongsangbuk-do_Rdate,22
1165,Gyeongsangbuk-do_Rdate,12
1166,Gyeongsangbuk-do_Rdate,14
1167,Gyeongsangbuk-do_Rdate,24
1168,Gyeongsangbuk-do_Rdate,18
1169,Gyeongsangbuk-do_Rdate,36
1170,Gyeongsangbuk-do_Rdate,26
1171,Gyeongsangbuk-do_Rdate,12
1172,Gyeongsangbuk-do_Rdate,42
1173,Gyeongsangbuk-do_Rdate,19
1174,Gyeongsangbuk-do_Rdate,23
1175,Gyeongsangbuk-do_Rdate,13
1176,Gyeongsangbuk-do_Rdate,32
1177,Gyeongsangbuk-do_Rdate,32
1178,Gyeongsangbuk-do_Rdate,13
1179,Gyeongsangbuk-do_Rdate,27
1180,Gyeongsangbuk-do_Rdate,33
1181,Gyeongsangbuk-do_Rdate,42
1182,Gyeongsangbuk-do_Rdate,27
1183,Gyeongsangbuk-do_Rdate,41
1184,Gyeongsangbuk-do_Rdate,54
1185,Gyeongsangbuk-do_Rdate,39
1186,Gyeongsangbuk-do_Rdate,26
1187,Gyeongsangbuk-do_Rdate,20
1188,Gyeongsangbuk-do_Rdate,16
1189,Gyeongsangbuk-do_Rdate,10
1190,Gyeongsangbuk-do_Rdate,24
1191,Gyeongsangbuk-do_Rdate,24
1192,Gyeongsangbuk-do_Rdate,18
1193,Gyeongsangbuk-do_Rdate,42
1194,Gyeongsangbuk-do_Rdate,32
1195,Gyeongsangbuk-do_Rdate,32
1196,Gyeongsangbuk-do_Rdate,16
1197,Gyeongsangbuk-do_Rdate,28
1198,Gyeongsangbuk-do_Rdate,39
1199,Gyeongsangbuk-do_Rdate,17
1200,Gyeongsangbuk-do_Rdate,34
1201,Gyeongsangbuk-do_Rdate,12
1202,Gyeongsangbuk-do_Rdate,45
1203,Gyeongsangbuk-do_Rdate,25
1204,Gyeongsangbuk-do_Rdate,34
1205,Gyeongsangbuk-do_Rdate,87
1206,Gyeongsangbuk-do_Rdate,39
1207,Gyeongsangbuk-do_Rdate,36
1208,Gyeongsangbuk-do_Rdate,37
1209,Gyeongsangbuk-do_Rdate,14
1210,Gyeongsangbuk-do_Rdate,29
1211,Gyeongsangbuk-do_Rdate,38
1212,Gyeongsangbuk-do_Rdate,47
1213,Gyeongsangbuk-do_Rdate,30
1214,Gyeongsangbuk-do_Rdate,23
1215,Gyeongsangbuk-do_Rdate,38
1216,Gyeongsangbuk-do_Rdate,23
1217,Gyeongsangbuk-do_Rdate,16
1218,Gyeongsangbuk-do_Rdate,23
1219,Gyeongsangbuk-do_Rdate,16
1220,Gyeongsangbuk-do_Rdate,13
1221,Gyeongsangbuk-do_Rdate,28
1222,Gyeongsangbuk-do_Rdate,24
1223,Gyeongsangbuk-do_Rdate,13
1224,Gyeongsangbuk-do_Rdate,16
1225,Gyeongsangbuk-do_Rdate,17
1226,Gyeongsangbuk-do_Rdate,34
1227,Gyeongsangbuk-do_Rdate,15
1228,Gyeongsangbuk-do_Rdate,23
1229,Gyeongsangbuk-do_Rdate,24
1230,Gyeongsangbuk-do_Rdate,21
1231,Gyeongsangbuk-do_Rdate,9
1232,Gyeongsangbuk-do_Rdate,114
1233,Gyeongsangbuk-do_Rdate,24
1234,Gyeongsangbuk-do_Rdate,19
1235,Gyeongsangbuk-do_Rdate,22
1236,Gyeongsangbuk-do_Rdate,24
1237,Gyeongsangbuk-do_Rdate,17
1238,Gyeongsangbuk-do_Rdate,16
1239,Gyeongsangbuk-do_Rdate,23
1240,Gyeongsangbuk-do_Rdate,24
1241,Gyeongsangbuk-do_Rdate,39
1242,Gyeongsangbuk-do_Rdate,17
1243,Gyeongsangbuk-do_Rdate,18
1244,Gyeongsangbuk-do_Rdate,12
1245,Gyeongsangbuk-do_Rdate,9
1246,Gyeongsangbuk-do_Rdate,16
1247,Gyeongsangbuk-do_Rdate,18
1248,Gyeongsangbuk-do_Rdate,16
1249,Gyeongsangbuk-do_Rdate,10
1250,Gyeongsangbuk-do_Rdate,32
1251,Gyeongsangbuk-do_Rdate,13
1252,Gyeongsangbuk-do_Rdate,17
1253,Gyeongsangbuk-do_Rdate,23
1254,Gyeongsangbuk-do_Rdate,15
1255,Gyeongsangbuk-do_Rdate,24
1256,Gyeongsangbuk-do_Rdate,16
1257,Gyeongsangbuk-do_Rdate,9
1258,Gyeongsangbuk-do_Rdate,22
1259,Gyeongsangbuk-do_Rdate,25
1260,Gyeongsangbuk-do_Rdate,11
1261,Gyeongsangbuk-do_Rdate,9
1262,Gyeongsangbuk-do_Rdate,35
1263,Gyeongsangbuk-do_Rdate,19
1264,Gyeongsangbuk-do_Rdate,9
1265,Gyeongsangbuk-do_Rdate,10
1266,Gyeongsangbuk-do_Rdate,24
1267,Gyeongsangbuk-do_Rdate,18
1268,Gyeongsangbuk-do_Rdate,34
1269,Gyeongsangbuk-do_Rdate,26
1270,Gyeongsangbuk-do_Rdate,16
1271,Gyeongsangbuk-do_Rdate,24
1272,Gyeongsangbuk-do_Rdate,26
1273,Gyeongsangbuk-do_Rdate,16
1274,Gyeongsangbuk-do_Rdate,45
1275,Gyeongsangbuk-do_Rdate,16
1276,Gyeongsangbuk-do_Rdate,37
1277,Gyeongsangbuk-do_Rdate,30
1278,Gyeongsangbuk-do_Rdate,19
1279,Gyeongsangbuk-do_Rdate,22
1280,Gyeongsangbuk-do_Rdate,39
1281,Gyeongsangbuk-do_Rdate,20
1282,Gyeongsangbuk-do_Rdate,11
1283,Gyeongsangbuk-do_Rdate,16
1284,Gyeongsangbuk-do_Rdate,16
1285,Gyeongsangbuk-do_Rdate,23
1286,Gyeongsangbuk-do_Rdate,39
1287,Gyeongsangbuk-do_Rdate,11
1288,Gyeongsangbuk-do_Rdate,23
1289,Gyeongsangbuk-do_Rdate,28
1290,Gyeongsangbuk-do_Rdate,77
1291,Gyeongsangbuk-do_Rdate,20
1292,Gyeongsangbuk-do_Rdate,21
1293,Gyeongsangbuk-do_Rdate,16
1294,Gyeongsangbuk-do_Rdate,11
1295,Gyeongsangbuk-do_Rdate,16
1296,Gyeongsangbuk-do_Rdate,26
1297,Gyeongsangbuk-do_Rdate,16
1298,Gyeongsangbuk-do_Rdate,17
1299,Gyeongsangbuk-do_Rdate,17
1300,Gyeongsangbuk-do_Rdate,16
1301,Gyeongsangbuk-do_Rdate,24
1302,Gyeongsangbuk-do_Rdate,17
1303,Gyeongsangbuk-do_Rdate,9
1304,Gyeongsangbuk-do_Rdate,21
1305,Gyeongsangbuk-do_Rdate,24
1306,Gyeongsangbuk-do_Rdate,17
1307,Gyeongsangbuk-do_Rdate,23
1308,Gyeongsangbuk-do_Rdate,16
1309,Gyeongsangbuk-do_Rdate,24
1310,Gyeongsangbuk-do_Rdate,17
1311,Gyeongsangbuk-do_Rdate,21
1312,Gyeongsangbuk-do_Rdate,24
1313,Gyeongsangbuk-do_Rdate,19
1314,Gyeongsangbuk-do_Rdate,41
1315,Gyeongsangbuk-do_Rdate,16
1316,Gyeongsangbuk-do_Rdate,16
1317,Gyeongsangbuk-do_Rdate,17
1318,Gyeongsangbuk-do_Rdate,10
1319,Gyeongsangbuk-do_Rdate,40
1320,Gyeongsangbuk-do_Rdate,11
1321,Gyeongsangbuk-do_Rdate,64
1322,Gyeongsangbuk-do_Rdate,16
1323,Gyeongsangbuk-do_Rdate,31
1324,Gyeongsangbuk-do_Rdate,34
1325,Gyeongsangbuk-do_Rdate,22
1326,Gyeongsangbuk-do_Rdate,33
1327,Gyeongsangbuk-do_Rdate,13
1328,Gyeongsangbuk-do_Rdate,4
1329,Gyeongsangbuk-do_Rdate,25
1330,Gyeongsangbuk-do_Rdate,21
1331,Gyeongsangbuk-do_Rdate,12
1332,Gyeongsangbuk-do_Rdate,20
1333,Gyeongsangbuk-do_Rdate,43
1334,Gyeongsangbuk-do_Rdate,23
1335,Gyeongsangbuk-do_Rdate,34
1336,Gyeongsangbuk-do_Rdate,30
1337,Gyeongsangbuk-do_Rdate,35
1338,Gyeongsangbuk-do_Rdate,38
1339,Gyeongsangbuk-do_Rdate,7
1340,Gyeongsangbuk-do_Rdate,24
1341,Gyeongsangbuk-do_Rdate,17
1342,Gyeongsangbuk-do_Rdate,20
1343,Gyeongsangbuk-do_Rdate,42
1344,Gyeongsangbuk-do_Rdate,31
1345,Gyeongsangbuk-do_Rdate,35
1346,Gyeongsangbuk-do_Rdate,35
1347,Gyeongsangbuk-do_Rdate,28
1348,Gyeongsangbuk-do_Rdate,36
1349,Gyeongsangbuk-do_Rdate,15
1350,Gyeongsangbuk-do_Rdate,28
1351,Gyeongsangbuk-do_Rdate,35
1352,Gyeongsangbuk-do_Rdate,28
1353,Gyeongsangbuk-do_Rdate,17
1354,Gyeongsangbuk-do_Rdate,17
1355,Gyeongsangbuk-do_Rdate,54
1356,Gyeongsangbuk-do_Rdate,26
1357,Gyeongsangbuk-do_Rdate,30
1358,Gyeongsangbuk-do_Rdate,25
1359,Gyeongsangbuk-do_Rdate,45
1360,Gyeongsangbuk-do_Rdate,56
1361,Gyeongsangbuk-do_Rdate,33
1362,Gyeongsangbuk-do_Rdate,30
1363,Gyeongsangbuk-do_Rdate,68
1364,Gyeongsangbuk-do_Rdate,28
1365,Gyeongsangbuk-do_Rdate,14
1366,Gyeongsangbuk-do_Rdate,8
1367,Gyeongsangbuk-do_Rdate,22
1368,Gyeongsangbuk-do_Rdate,20
1369,Gyeongsangbuk-do_Rdate,30
1370,Gyeongsangbuk-do_Rdate,29
1371,Gyeongsangbuk-do_Rdate,16
1372,Gyeongsangbuk-do_Rdate,15
1373,Gyeongsangbuk-do_Rdate,14
1374,Gyeongsangbuk-do_Rdate,42
1375,Gyeongsangbuk-do_Rdate,40
1376,Gyeongsangbuk-do_Rdate,66
1377,Gyeongsangbuk-do_Rdate,34
1378,Gyeongsangbuk-do_Rdate,22
1379,Gyeongsangbuk-do_Rdate,26
1380,Gyeongsangbuk-do_Rdate,35
1381,Gyeongsangbuk-do_Rdate,45
1382,Gyeongsangbuk-do_Rdate,14
1383,Gyeongsangbuk-do_Rdate,22
1384,Gyeongsangbuk-do_Rdate,67
1385,Gyeongsangbuk-do_Rdate,21
1386,Gyeongsangbuk-do_Rdate,29
1387,Gyeongsangbuk-do_Rdate,44
1388,Gyeongsangbuk-do_Rdate,11
1389,Gyeongsangbuk-do_Rdate,30
1390,Gyeongsangbuk-do_Rdate,23
1391,Gyeongsangbuk-do_Rdate,33
1392,Gyeongsangbuk-do_Rdate,16
1393,Gyeongsangbuk-do_Rdate,42
1394,Gyeongsangbuk-do_Rdate,16
1395,Gyeongsangbuk-do_Rdate,15
1396,Gyeongsangbuk-do_Rdate,11
1397,Gyeongsangbuk-do_Rdate,32
1398,Gyeongsangbuk-do_Rdate,20
1399,Gyeongsangbuk-do_Rdate,28
1400,Gyeongsangbuk-do_Rdate,23
1401,Gyeongsangbuk-do_Rdate,27
1402,Gyeongsangbuk-do_Rdate,25
1403,Gyeongsangbuk-do_Rdate,33
1404,Gyeongsangbuk-do_Rdate,18
1405,Gyeongsangbuk-do_Rdate,18
1406,Gyeongsangbuk-do_Rdate,16
1407,Gyeongsangbuk-do_Rdate,28
1408,Gyeongsangbuk-do_Rdate,23
1409,Gyeongsangbuk-do_Rdate,27
1410,Gyeongsangbuk-do_Rdate,29
1411,Gyeongsangbuk-do_Rdate,18
1412,Gyeongsangbuk-do_Rdate,49
1413,Gyeongsangbuk-do_Rdate,42
1414,Gyeongsangbuk-do_Rdate,14
1415,Gyeongsangbuk-do_Rdate,16
1416,Gyeongsangbuk-do_Rdate,16
1417,Gyeongsangbuk-do_Rdate,15
1418,Gyeongsangbuk-do_Rdate,27
1419,Gyeongsangbuk-do_Rdate,15
1420,Gyeongsangbuk-do_Rdate,26
1421,Gyeongsangbuk-do_Rdate,32
1422,Gyeongsangbuk-do_Rdate,21
1423,Gyeongsangbuk-do_Rdate,28
1424,Gyeongsangbuk-do_Rdate,32
1425,Gyeongsangbuk-do_Rdate,33
1426,Gyeongsangbuk-do_Rdate,24
1427,Gyeongsangbuk-do_Rdate,24
1428,Gyeongsangbuk-do_Rdate,15
1429,Gyeongsangbuk-do_Rdate,29
1430,Gyeongsangbuk-do_Rdate,16
1431,Gyeongsangbuk-do_Rdate,35
1432,Gyeongsangbuk-do_Rdate,34
1433,Gyeongsangbuk-do_Rdate,26
1434,Gyeongsangbuk-do_Rdate,39
1435,Gyeongsangbuk-do_Rdate,39
1436,Gyeongsangbuk-do_Rdate,10
1437,Gyeongsangbuk-do_Rdate,11
1438,Gyeongsangbuk-do_Rdate,11
1439,Gyeongsangbuk-do_Rdate,35
1440,Gyeongsangbuk-do_Rdate,56
1441,Gyeongsangbuk-do_Rdate,9
1442,Gyeongsangbuk-do_Rdate,52
1443,Gyeongsangbuk-do_Rdate,18
1444,Gyeongsangbuk-do_Rdate,53
1445,Gyeongsangbuk-do_Rdate,26
1446,Gyeongsangbuk-do_Rdate,24
1447,Gyeongsangbuk-do_Rdate,45
1448,Gyeongsangbuk-do_Rdate,49
1449,Gyeongsangbuk-do_Rdate,42
1450,Gyeongsangbuk-do_Rdate,11
1451,Gyeongsangbuk-do_Rdate,3
1452,Gyeongsangbuk-do_Rdate,11
1453,Gyeongsangbuk-do_Rdate,15
1454,Gyeongsangbuk-do_Rdate,41
1455,Gyeongsangbuk-do_Rdate,46
1456,Gyeongsangbuk-do_Rdate,17
1457,Gyeongsangbuk-do_Rdate,25
1458,Gyeongsangbuk-do_Rdate,11
1459,Gyeongsangbuk-do_Rdate,17
1460,Gyeongsangbuk-do_Rdate,14
1461,Gyeongsangbuk-do_Rdate,15
1462,Gyeongsangbuk-do_Rdate,16
1463,Gyeongsangbuk-do_Rdate,18
1464,Gyeongsangbuk-do_Rdate,17
1465,Gyeongsangbuk-do_Rdate,18
1466,Gyeongsangbuk-do_Rdate,14
1467,Gyeongsangbuk-do_Rdate,23
1468,Gyeongsangbuk-do_Rdate,32
1469,Gyeongsangbuk-do_Rdate,24
1470,Gyeongsangbuk-do_Rdate,28
1471,Gyeongsangbuk-do_Rdate,15
1472,Gyeongsangbuk-do_Rdate,25
1473,Gyeongsangbuk-do_Rdate,16
1474,Gyeongsangbuk-do_Rdate,29
1475,Gyeongsangbuk-do_Rdate,20
1476,Gyeongsangbuk-do_Rdate,28
1477,Gyeongsangbuk-do_Rdate,11
1478,Gyeongsangbuk-do_Rdate,21
1479,Gyeongsangbuk-do_Rdate,25
1480,Gyeongsangbuk-do_Rdate,12
1481,Gyeongsangbuk-do_Rdate,16
1482,Gyeongsangbuk-do_Rdate,16
1483,Gyeongsangbuk-do_Rdate,20
1484,Gyeongsangbuk-do_Rdate,31
1485,Gyeongsangbuk-do_Rdate,9
1486,Gyeongsangbuk-do_Rdate,38
1487,Gyeongsangbuk-do_Rdate,19
1488,Gyeongsangbuk-do_Rdate,20
1489,Gyeongsangbuk-do_Rdate,36
1490,Gyeongsangbuk-do_Rdate,33
1491,Gyeongsangbuk-do_Rdate,49
1492,Gyeongsangbuk-do_Rdate,35
1493,Gyeongsangbuk-do_Rdate,27
1494,Gyeongsangbuk-do_Rdate,28
1495,Gyeongsangbuk-do_Rdate,23
1496,Gyeongsangbuk-do_Rdate,17
1497,Gyeongsangbuk-do_Rdate,34
1498,Gyeongsangbuk-do_Rdate,25
1499,Gyeongsangbuk-do_Rdate,22
1500,Gyeongsangbuk-do_Rdate,23
1501,Gyeongsangbuk-do_Rdate,11
1502,Gyeongsangbuk-do_Rdate,39
1503,Gyeongsangbuk-do_Rdate,24
1504,Gyeongsangbuk-do_Rdate,30
1505,Gyeongsangbuk-do_Rdate,20
1506,Gyeongsangbuk-do_Rdate,12
1507,Gyeongsangbuk-do_Rdate,19
1508,Gyeongsangbuk-do_Rdate,21
1509,Gyeongsangbuk-do_Rdate,17
1510,Gyeongsangbuk-do_Rdate,8
1511,Gyeongsangbuk-do_Rdate,41
1512,Gyeongsangbuk-do_Rdate,25
1513,Gyeongsangbuk-do_Rdate,20
1514,Gyeongsangbuk-do_Rdate,24
1515,Gyeongsangbuk-do_Rdate,20
1516,Gyeongsangbuk-do_Rdate,23
1517,Gyeongsangbuk-do_Rdate,27
1518,Gyeongsangbuk-do_Rdate,46
1519,Gyeongsangbuk-do_Rdate,14
1520,Gyeongsangbuk-do_Rdate,22
1521,Gyeongsangbuk-do_Rdate,45
1522,Gyeongsangbuk-do_Rdate,22
1523,Gyeongsangbuk-do_Rdate,20
1524,Gyeongsangbuk-do_Rdate,23
1525,Gyeongsangbuk-do_Rdate,29
1526,Gyeongsangbuk-do_Rdate,19
1527,Gyeongsangbuk-do_Rdate,31
1528,Gyeongsangbuk-do_Rdate,22
1529,Gyeongsangbuk-do_Rdate,29
1530,Gyeongsangbuk-do_Rdate,19
1531,Gyeongsangbuk-do_Rdate,32
1532,Gyeongsangbuk-do_Rdate,52
1533,Gyeongsangbuk-do_Rdate,25
1534,Gyeongsangbuk-do_Rdate,23
1535,Gyeongsangbuk-do_Rdate,16
1536,Gyeongsangbuk-do_Rdate,16
1537,Gyeongsangbuk-do_Rdate,36
1538,Gyeongsangbuk-do_Rdate,16
1539,Gyeongsangbuk-do_Rdate,32
1540,Gyeongsangbuk-do_Rdate,34
1541,Gyeongsangbuk-do_Rdate,32
1542,Gyeongsangbuk-do_Rdate,22
1543,Gyeongsangbuk-do_Rdate,15
1544,Gyeongsangbuk-do_Rdate,29
1545,Gyeongsangbuk-do_Rdate,43
1546,Gyeongsangbuk-do_Rdate,45
1547,Gyeongsangbuk-do_Rdate,38
1548,Gyeongsangbuk-do_Rdate,25
1549,Gyeongsangbuk-do_Rdate,13
1550,Gyeongsangbuk-do_Rdate,28
1551,Gyeongsangbuk-do_Rdate,30
1552,Gyeongsangbuk-do_Rdate,30
1553,Gyeongsangbuk-do_Rdate,30
1554,Gyeongsangbuk-do_Rdate,31
1555,Gyeongsangbuk-do_Rdate,17
1556,Gyeongsangbuk-do_Rdate,31
1557,Gyeongsangbuk-do_Rdate,26
1558,Gyeongsangbuk-do_Rdate,19
1559,Gyeongsangbuk-do_Rdate,22
1560,Gyeongsangbuk-do_Rdate,22
1561,Gyeongsangbuk-do_Rdate,17
1562,Gyeongsangbuk-do_Rdate,19
1563,Gyeongsangbuk-do_Rdate,23
1564,Gyeongsangbuk-do_Rdate,19
1565,Gyeongsangbuk-do_Rdate,23
1566,Gyeongsangbuk-do_Rdate,16
1567,Gyeongsangbuk-do_Rdate,32
1568,Gyeongsangbuk-do_Rdate,36
1569,Gyeongsangbuk-do_Rdate,15
1570,Gyeongsangbuk-do_Rdate,20
1571,Gyeongsangbuk-do_Rdate,17
1572,Gyeongsangbuk-do_Rdate,24
1573,Gyeongsangbuk-do_Rdate,15
1574,Gyeongsangbuk-do_Rdate,21
1575,Gyeongsangbuk-do_Rdate,22
1576,Gyeongsangbuk-do_Rdate,22
1577,Gyeongsangbuk-do_Rdate,30
1578,Gyeongsangbuk-do_Rdate,14
1579,Gyeongsangbuk-do_Rdate,25
1580,Gyeongsangbuk-do_Rdate,8
1581,Gyeongsangbuk-do_Rdate,40
1582,Gyeongsangbuk-do_Rdate,35
1583,Gyeongsangbuk-do_Rdate,10
1584,Gyeongsangbuk-do_Rdate,59
1585,Gyeongsangbuk-do_Rdate,40
1586,Gyeongsangbuk-do_Rdate,31
1587,Gyeongsangbuk-do_Rdate,19
1588,Gyeongsangbuk-do_Rdate,35
1589,Gyeongsangbuk-do_Rdate,25
1590,Gyeongsangbuk-do_Rdate,29
1591,Gyeongsangbuk-do_Rdate,67
1592,Gyeongsangbuk-do_Rdate,28
1593,Gyeongsangbuk-do_Rdate,27
1594,Gyeongsangbuk-do_Rdate,28
1595,Gyeongsangbuk-do_Rdate,40
1596,Gyeongsangbuk-do_Rdate,54
1597,Gyeongsangbuk-do_Rdate,74
1598,Gyeongsangbuk-do_Rdate,48
1599,Gyeongsangbuk-do_Rdate,42
1600,Gyeongsangbuk-do_Rdate,21
1601,Gyeongsangbuk-do_Rdate,32
1602,Gyeongsangbuk-do_Rdate,40
1603,Gyeongsangbuk-do_Rdate,51
1604,Gyeongsangbuk-do_Rdate,21
1605,Gyeongsangbuk-do_Rdate,44
1606,Gyeongsangbuk-do_Rdate,33
1607,Gyeongsangbuk-do_Rdate,32
1608,Gyeongsangbuk-do_Rdate,16
1609,Gyeongsangbuk-do_Rdate,33
1610,Gyeongsangbuk-do_Rdate,35
1611,Gyeongsangbuk-do_Rdate,66
1612,Gyeongsangbuk-do_Rdate,62
1613,Gyeongsangbuk-do_Rdate,29
1614,Gyeongsangbuk-do_Rdate,16
1615,Gyeongsangbuk-do_Rdate,45
1616,Gyeongsangbuk-do_Rdate,22
1617,Gyeongsangbuk-do_Rdate,23
1618,Gyeongsangbuk-do_Rdate,37
1619,Gyeongsangbuk-do_Rdate,33
1620,Gyeongsangbuk-do_Rdate,14
1621,Gyeongsangbuk-do_Rdate,43
1622,Gyeongsangbuk-do_Rdate,35
1623,Gyeongsangbuk-do_Rdate,22
1624,Gyeongsangbuk-do_Rdate,36
1625,Gyeongsangbuk-do_Rdate,6
1626,Gyeongsangbuk-do_Rdate,28
1627,Gyeongsangbuk-do_Rdate,45
1628,Gyeongsangbuk-do_Rdate,34
1629,Gyeongsangbuk-do_Rdate,10
1630,Gyeongsangbuk-do_Rdate,34
1631,Gyeongsangbuk-do_Rdate,40
1632,Gyeongsangbuk-do_Rdate,26
1633,Gyeongsangbuk-do_Rdate,34
1634,Gyeongsangbuk-do_Rdate,47
1635,Gyeongsangbuk-do_Rdate,9
1636,Gyeongsangbuk-do_Rdate,48
1637,Gyeongsangbuk-do_Rdate,47
1638,Gyeongsangbuk-do_Rdate,47
1639,Gyeongsangbuk-do_Rdate,21
1640,Gyeongsangbuk-do_Rdate,30
1641,Gyeongsangbuk-do_Rdate,30
1642,Gyeongsangbuk-do_Rdate,21
1643,Gyeongsangnam-do_Cdate,4
1644,Gyeongsangnam-do_Cdate,16
1645,Gyeongsangnam-do_Cdate,1
1646,Gyeongsangnam-do_Cdate,1
1647,Gyeongsangnam-do_Cdate,1
1648,Gyeongsangnam-do_Cdate,0
1649,Gyeongsangnam-do_Cdate,1
1650,Gyeongsangnam-do_Cdate,1
1651,Gyeongsangnam-do_Cdate,7
1652,Gyeongsangnam-do_Cdate,5
1653,Gyeongsangnam-do_Cdate,3
1654,Gyeongsangnam-do_Cdate,0
1655,Gyeongsangnam-do_Cdate,3
1656,Gyeongsangnam-do_Cdate,3
1657,Gyeongsangnam-do_Cdate,1
1658,Gyeongsangnam-do_Cdate,1
1659,Gyeongsangnam-do_Cdate,5
1660,Gyeongsangnam-do_Cdate,1
1661,Gyeongsangnam-do_Cdate,2
1662,Gyeongsangnam-do_Cdate,4
1663,Gyeongsangnam-do_Cdate,4
1664,Gyeongsangnam-do_Cdate,2
1665,Gyeongsangnam-do_Cdate,2
1666,Gyeongsangnam-do_Cdate,10
1667,Gyeongsangnam-do_Cdate,7
1668,Gyeongsangnam-do_Cdate,2
1669,Gyeongsangnam-do_Cdate,1
1670,Gyeongsangnam-do_Cdate,2
1671,Gyeongsangnam-do_Cdate,4
1672,Gyeongsangnam-do_Cdate,1
1673,Gyeongsangnam-do_Cdate,5
1674,Gyeongsangnam-do_Cdate,4
1675,Gyeongsangnam-do_Cdate,0
1676,Gyeongsangnam-do_Cdate,0
1677,Gyeongsangnam-do_Cdate,6
1678,Gyeongsangnam-do_Cdate,3
1679,Gyeongsangnam-do_Cdate,6
1680,Gyeongsangnam-do_Cdate,3
1681,Gyeongsangnam-do_Cdate,1
1682,Gyeongsangnam-do_Cdate,2
1683,Gyeongsangnam-do_Cdate,1
1684,Gyeongsangnam-do_Cdate,1
1685,Gyeongsangnam-do_Cdate,9
1686,Gyeongsangnam-do_Cdate,1
1687,Gyeongsangnam-do_Cdate,2
1688,Gyeongsangnam-do_Rdate,35
1689,Gyeongsangnam-do_Rdate,18
1690,Gyeongsangnam-do_Rdate,18
1691,Gyeongsangnam-do_Rdate,25
1692,Gyeongsangnam-do_Rdate,36
1693,Gyeongsangnam-do_Rdate,15
1694,Gyeongsangnam-do_Rdate,33
1695,Gyeongsangnam-do_Rdate,23
1696,Gyeongsangnam-do_Rdate,43
1697,Gyeongsangnam-do_Rdate,29
1698,Gyeongsangnam-do_Rdate,22
1699,Gyeongsangnam-do_Rdate,37
1700,Gyeongsangnam-do_Rdate,17
1701,Gyeongsangnam-do_Rdate,17
1702,Gyeongsangnam-do_Rdate,29
1703,Gyeongsangnam-do_Rdate,17
1704,Gyeongsangnam-do_Rdate,33
1705,Gyeongsangnam-do_Rdate,31
1706,Gyeongsangnam-do_Rdate,20
1707,Gyeongsangnam-do_Rdate,28
1708,Gyeongsangnam-do_Rdate,41
1709,Gyeongsangnam-do_Rdate,23
1710,Gyeongsangnam-do_Rdate,6
1711,Gyeongsangnam-do_Rdate,54
1712,Gyeongsangnam-do_Rdate,22
1713,Gyeongsangnam-do_Rdate,26
1714,Gyeongsangnam-do_Rdate,17
1715,Gyeongsangnam-do_Rdate,28
1716,Gyeongsangnam-do_Rdate,15
1717,Gyeongsangnam-do_Rdate,23
1718,Gyeongsangnam-do_Rdate,7
1719,Gyeongsangnam-do_Rdate,17
1720,Gyeongsangnam-do_Rdate,22
1721,Gyeongsangnam-do_Rdate,29
1722,Gyeongsangnam-do_Rdate,20
1723,Gyeongsangnam-do_Rdate,28
1724,Gyeongsangnam-do_Rdate,12
1725,Gyeongsangnam-do_Rdate,35
1726,Gyeongsangnam-do_Rdate,12
1727,Gyeongsangnam-do_Rdate,20
1728,Gyeongsangnam-do_Rdate,3
1729,Gyeongsangnam-do_Rdate,22
1730,Gyeongsangnam-do_Rdate,46
1731,Gyeongsangnam-do_Rdate,46
1732,Gyeongsangnam-do_Rdate,28
1733,Gyeongsangnam-do_Rdate,18
1734,Gyeongsangnam-do_Rdate,23
1735,Gyeongsangnam-do_Rdate,16
1736,Gyeongsangnam-do_Rdate,42
1737,Gyeongsangnam-do_Rdate,35
1738,Gyeongsangnam-do_Rdate,8
1739,Gyeongsangnam-do_Rdate,26
1740,Gyeongsangnam-do_Rdate,18
1741,Gyeongsangnam-do_Rdate,14
1742,Gyeongsangnam-do_Rdate,9
1743,Gyeongsangnam-do_Rdate,36
1744,Gyeongsangnam-do_Rdate,25
1745,Gyeongsangnam-do_Rdate,24
1746,Incheon_Cdate,1
1747,Incheon_Cdate,25
1748,Incheon_Cdate,1
1749,Incheon_Cdate,2
1750,Incheon_Cdate,5
1751,Incheon_Rdate,23
1752,Incheon_Rdate,41
1753,Incheon_Rdate,8
1754,Incheon_Rdate,17
1755,Incheon_Rdate,72
1756,Incheon_Rdate,36
1757,Incheon_Rdate,16
1758,Incheon_Rdate,49
1759,Incheon_Rdate,10
1760,Incheon_Rdate,17
1761,Incheon_Rdate,25
1762,Incheon_Rdate,22
1763,Incheon_Rdate,15
1764,Incheon_Rdate,19
1765,Incheon_Rdate,17
1766,Incheon_Rdate,35
1767,Incheon_Rdate,26
1768,Incheon_Rdate,69
1769,Incheon_Rdate,7
1770,Incheon_Rdate,50
1771,Incheon_Rdate,17
1772,Incheon_Rdate,11
1773,Incheon_Rdate,8
1774,Incheon_Rdate,9
1775,Incheon_Rdate,41
1776,Incheon_Rdate,40
1777,Incheon_Rdate,7
1778,Incheon_Rdate,35
1779,Incheon_Rdate,14
1780,Incheon_Rdate,27
1781,Incheon_Rdate,16
1782,Incheon_Rdate,37
1783,Incheon_Rdate,52
1784,Incheon_Rdate,17
1785,Incheon_Rdate,53
1786,Incheon_Rdate,33
1787,Incheon_Rdate,34
1788,Incheon_Rdate,7
1789,Incheon_Rdate,35
1790,Incheon_Rdate,8
1791,Incheon_Rdate,15
1792,Incheon_Rdate,10
1793,Incheon_Rdate,33
1794,Incheon_Rdate,33
1795,Incheon_Rdate,14
1796,Incheon_Rdate,36
1797,Incheon_Rdate,5
1798,Incheon_Rdate,15
1799,Incheon_Rdate,8
1800,Incheon_Rdate,7
1801,Incheon_Rdate,29
1802,Incheon_Rdate,6
1803,Incheon_Rdate,8
1804,Incheon_Rdate,17
1805,Incheon_Rdate,16
1806,Incheon_Rdate,15
1807,Incheon_Rdate,8
1808,Incheon_Rdate,4
1809,Incheon_Rdate,27
1810,Incheon_Rdate,14
1811,Incheon_Rdate,39
1812,Incheon_Rdate,15
1813,Incheon_Rdate,41
1814,Incheon_Rdate,20
1815,Incheon_Rdate,16
1816,Incheon_Rdate,10
1817,Incheon_Rdate,19
1818,Incheon_Rdate,26
1819,Incheon_Rdate,25
1820,Incheon_Rdate,17
1821,Incheon_Rdate,10
1822,Incheon_Rdate,12
1823,Incheon_Rdate,25
1824,Incheon_Rdate,21
1825,Incheon_Rdate,22
1826,Incheon_Rdate,19
1827,Incheon_Rdate,24
1828,Incheon_Rdate,46
1829,Incheon_Rdate,13
1830,Incheon_Rdate,37
1831,Incheon_Rdate,29
1832,Incheon_Rdate,34
1833,Incheon_Rdate,7
1834,Incheon_Rdate,12
1835,Incheon_Rdate,18
1836,Incheon_Rdate,34
1837,Incheon_Rdate,19
1838,Incheon_Rdate,63
1839,Incheon_Rdate,35
1840,Incheon_Rdate,12
1841,Incheon_Rdate,38
1842,Incheon_Rdate,15
1843,Incheon_Rdate,27
1844,Incheon_Rdate,24
1845,Incheon_Rdate,22
1846,Incheon_Rdate,18
1847,Incheon_Rdate,12
1848,Jeju-do_Rdate,34
1849,Jeju-do_Rdate,12
1850,Jeju-do_Rdate,32
1851,Jeju-do_Rdate,46
1852,Jeju-do_Rdate,18
1853,Jeju-do_Rdate,30
1854,Jeju-do_Rdate,9
1855,Jeju-do_Rdate,42
1856,Jeju-do_Rdate,17
1857,Jeju-do_Rdate,13
1858,Jeju-do_Rdate,14
1859,Jeju-do_Rdate,32
1860,Jeju-do_Rdate,16
1861,Jeju-do_Rdate,45
1862,Jeju-do_Rdate,8
1863,Jeju-do_Rdate,14
1864,Jeollabuk-do_Cdate,6
1865,Jeollabuk-do_Cdate,19
1866,Jeollabuk-do_Rdate,38
1867,Jeollabuk-do_Rdate,42
1868,Jeollabuk-do_Rdate,26
1869,Jeollabuk-do_Rdate,45
1870,Jeollabuk-do_Rdate,16
1871,Jeollabuk-do_Rdate,38
1872,Jeollabuk-do_Rdate,38
1873,Jeollabuk-do_Rdate,22
1874,Jeollabuk-do_Rdate,44
1875,Jeollabuk-do_Rdate,37
1876,Jeollabuk-do_Rdate,9
1877,Jeollabuk-do_Rdate,17
1878,Jeollabuk-do_Rdate,21
1879,Jeollabuk-do_Rdate,15
1880,Jeollabuk-do_Rdate,19
1881,Jeollabuk-do_Rdate,13
1882,Jeollabuk-do_Rdate,21
1883,Jeollabuk-do_Rdate,10
1884,Jeollabuk-do_Rdate,21
1885,Jeollabuk-do_Rdate,37
1886,Jeollabuk-do_Rdate,31
1887,Jeollanam-do_Rdate,29
1888,Jeollanam-do_Rdate,8
1889,Jeollanam-do_Rdate,44
1890,Jeollanam-do_Rdate,18
1891,Jeollanam-do_Rdate,27
1892,Jeollanam-do_Rdate,46
1893,Jeollanam-do_Rdate,49
1894,Jeollanam-do_Rdate,25
1895,Jeollanam-do_Rdate,19
1896,Jeollanam-do_Rdate,11
1897,Jeollanam-do_Rdate,46
1898,Jeollanam-do_Rdate,34
1899,Jeollanam-do_Rdate,17
1900,Jeollanam-do_Rdate,22
1901,Jeollanam-do_Rdate,28
1902,Jeollanam-do_Rdate,17
1903,Jeollanam-do_Rdate,13
1904,Jeollanam-do_Rdate,31
1905,Jeollanam-do_Rdate,9
1906,Jeollanam-do_Rdate,35
1907,Sejong_Cdate,7
1908,Sejong_Cdate,0
1909,Sejong_Cdate,3
1910,Sejong_Cdate,6
1911,Sejong_Cdate,0
1912,Sejong_Cdate,5
1913,Sejong_Cdate,41
1914,Sejong_Cdate,4
1915,Sejong_Cdate,3
1916,Sejong_Cdate,3
1917,Sejong_Cdate,14
1918,Sejong_Cdate,1
1919,Sejong_Cdate,42
1920,Sejong_Cdate,45
1921,Sejong_Cdate,0
1922,Sejong_Cdate,2
1923,Sejong_Cdate,5
1924,Sejong_Cdate,7
1925,Sejong_Cdate,4
1926,Sejong_Cdate,3
1927,Sejong_Cdate,1
1928,Sejong_Cdate,33
1929,Sejong_Cdate,4
1930,Sejong_Cdate,45
1931,Sejong_Cdate,7
1932,Sejong_Cdate,15
1933,Sejong_Cdate,9
1934,Sejong_Cdate,47
1935,Sejong_Cdate,5
1936,Sejong_Cdate,6
1937,Sejong_Cdate,5
1938,Sejong_Rdate,25
1939,Sejong_Rdate,16
1940,Sejong_Rdate,36
1941,Sejong_Rdate,18
1942,Sejong_Rdate,31
1943,Sejong_Rdate,32
1944,Sejong_Rdate,26
1945,Sejong_Rdate,47
1946,Sejong_Rdate,51
1947,Sejong_Rdate,37
1948,Sejong_Rdate,37
1949,Sejong_Rdate,35
1950,Sejong_Rdate,28
1951,Sejong_Rdate,28
1952,Sejong_Rdate,30
1953,Sejong_Rdate,36
1954,Sejong_Rdate,22
1955,Sejong_Rdate,8
1956,Sejong_Rdate,9
1957,Sejong_Rdate,40
1958,Sejong_Rdate,28
1959,Sejong_Rdate,38
1960,Sejong_Rdate,42
1961,Sejong_Rdate,64
1962,Sejong_Rdate,29
1963,Sejong_Rdate,9
1964,Sejong_Rdate,22
1965,Sejong_Rdate,40
1966,Sejong_Rdate,25
1967,Sejong_Rdate,42
1968,Sejong_Rdate,52
1969,Sejong_Rdate,41
1970,Sejong_Rdate,36
1971,Sejong_Rdate,2
1972,Sejong_Rdate,37
1973,Sejong_Rdate,14
1974,Sejong_Rdate,27
1975,Sejong_Rdate,17
1976,Sejong_Rdate,20
1977,Sejong_Rdate,11
1978,Sejong_Rdate,12
1979,Sejong_Rdate,16
1980,Sejong_Rdate,16
1981,Sejong_Rdate,10
1982,Sejong_Rdate,45
1983,Sejong_Rdate,21
1984,Seoul_Cdate,3
1985,Seoul_Cdate,3
1986,Seoul_Cdate,3
1987,Seoul_Cdate,3
1988,Seoul_Cdate,15
1989,Seoul_Cdate,13
1990,Seoul_Cdate,7
1991,Seoul_Cdate,6
1992,Seoul_Cdate,1
1993,Seoul_Cdate,5
1994,Seoul_Cdate,7
1995,Seoul_Cdate,2
1996,Seoul_Cdate,1
1997,Seoul_Cdate,8
1998,Seoul_Cdate,8
1999,Seoul_Cdate,1
2000,Seoul_Cdate,2
2001,Seoul_Cdate,3
2002,Seoul_Cdate,1
2003,Seoul_Cdate,1
2004,Seoul_Cdate,1
2005,Seoul_Cdate,11
2006,Seoul_Cdate,3
2007,Seoul_Cdate,1
2008,Seoul_Cdate,2
2009,Seoul_Cdate,1
2010,Seoul_Cdate,1
2011,Seoul_Cdate,2
2012,Seoul_Cdate,1
2013,Seoul_Cdate,3
2014,Seoul_Cdate,2
2015,Seoul_Cdate,3
2016,Seoul_Cdate,1
2017,Seoul_Cdate,4
2018,Seoul_Cdate,1
2019,Seoul_Cdate,2
2020,Seoul_Cdate,4
2021,Seoul_Cdate,1
2022,Seoul_Cdate,2
2023,Seoul_Cdate,3
2024,Seoul_Cdate,3
2025,Seoul_Cdate,6
2026,Seoul_Cdate,3
2027,Seoul_Cdate,2
2028,Seoul_Cdate,3
2029,Seoul_Cdate,2
2030,Seoul_Cdate,2
2031,Seoul_Cdate,2
2032,Seoul_Cdate,3
2033,Seoul_Cdate,0
2034,Seoul_Cdate,4
2035,Seoul_Cdate,3
2036,Seoul_Cdate,4
2037,Seoul_Cdate,2
2038,Seoul_Cdate,2
2039,Seoul_Cdate,6
2040,Seoul_Cdate,2
2041,Seoul_Cdate,4
2042,Seoul_Cdate,8
2043,Seoul_Cdate,5
2044,Seoul_Cdate,1
2045,Seoul_Cdate,5
2046,Seoul_Cdate,11
2047,Seoul_Cdate,11
2048,Seoul_Cdate,1
2049,Seoul_Cdate,4
2050,Seoul_Cdate,9
2051,Seoul_Cdate,4
2052,Seoul_Cdate,3
2053,Seoul_Cdate,2
2054,Seoul_Cdate,11
2055,Seoul_Cdate,2
2056,Seoul_Cdate,3
2057,Seoul_Cdate,8
2058,Seoul_Cdate,3
2059,Seoul_Cdate,2
2060,Seoul_Cdate,8
2061,Seoul_Cdate,4
2062,Seoul_Cdate,10
2063,Seoul_Cdate,8
2064,Seoul_Cdate,1
2065,Seoul_Cdate,15
2066,Seoul_Cdate,6
2067,Seoul_Cdate,1
2068,Seoul_Cdate,3
2069,Seoul_Cdate,3
2070,Seoul_Cdate,2
2071,Seoul_Cdate,2
2072,Seoul_Cdate,2
2073,Seoul_Cdate,3
2074,Seoul_Cdate,3
2075,Seoul_Cdate,5
2076,Seoul_Cdate,2
2077,Seoul_Cdate,1
2078,Seoul_Cdate,2
2079,Seoul_Cdate,5
2080,Seoul_Cdate,10
2081,Seoul_Cdate,10
2082,Seoul_Cdate,2
2083,Seoul_Cdate,2
2084,Seoul_Cdate,3
2085,Seoul_Cdate,7
2086,Seoul_Cdate,1
2087,Seoul_Cdate,13
2088,Seoul_Cdate,3
2089,Seoul_Cdate,1
2090,Seoul_Cdate,1
2091,Seoul_Cdate,2
2092,Seoul_Cdate,2
2093,Seoul_Cdate,0
2094,Seoul_Cdate,9
2095,Seoul_Cdate,2
2096,Seoul_Cdate,5
2097,Seoul_Cdate,3
2098,Seoul_Cdate,6
2099,Seoul_Cdate,5
2100,Seoul_Cdate,2
2101,Seoul_Cdate,6
2102,Seoul_Cdate,1
2103,Seoul_Cdate,4
2104,Seoul_Cdate,3
2105,Seoul_Cdate,1
2106,Seoul_Cdate,1
2107,Seoul_Cdate,8
2108,Seoul_Cdate,11
2109,Seoul_Cdate,0
2110,Seoul_Cdate,2
2111,Seoul_Cdate,1
2112,Seoul_Cdate,1
2113,Seoul_Cdate,1
2114,Seoul_Cdate,2
2115,Seoul_Cdate,2
2116,Seoul_Cdate,8
2117,Seoul_Cdate,3
2118,Seoul_Cdate,3
2119,Seoul_Cdate,3
2120,Seoul_Cdate,5
2121,Seoul_Cdate,3
2122,Seoul_Cdate,0
2123,Seoul_Cdate,9
2124,Seoul_Cdate,1
2125,Seoul_Cdate,4
2126,Seoul_Cdate,1
2127,Seoul_Cdate,2
2128,Seoul_Cdate,7
2129,Seoul_Cdate,1
2130,Seoul_Cdate,3
2131,Seoul_Cdate,12
2132,Seoul_Cdate,5
2133,Seoul_Cdate,7
2134,Seoul_Cdate,8
2135,Seoul_Cdate,1
2136,Seoul_Cdate,4
2137,Seoul_Cdate,5
2138,Seoul_Cdate,2
2139,Seoul_Cdate,1
2140,Seoul_Cdate,1
2141,Seoul_Cdate,5
2142,Seoul_Cdate,5
2143,Seoul_Cdate,2
2144,Seoul_Cdate,3
2145,Seoul_Cdate,1
2146,Seoul_Cdate,2
2147,Seoul_Cdate,1
2148,Seoul_Cdate,2
2149,Seoul_Cdate,0
2150,Seoul_Cdate,1
2151,Seoul_Cdate,1
2152,Seoul_Cdate,6
2153,Seoul_Cdate,1
2154,Seoul_Cdate,5
2155,Seoul_Cdate,6
2156,Seoul_Cdate,4
2157,Seoul_Cdate,2
2158,Seoul_Cdate,2
2159,Seoul_Cdate,2
2160,Seoul_Cdate,5
2161,Seoul_Cdate,1
2162,Seoul_Cdate,1
2163,Seoul_Rdate,15
2164,Seoul_Rdate,15
2165,Seoul_Rdate,5
2166,Seoul_Rdate,19
2167,Seoul_Rdate,14
2168,Seoul_Rdate,16
2169,Seoul_Rdate,6
2170,Seoul_Rdate,7
2171,Seoul_Rdate,8
2172,Seoul_Rdate,3
2173,Seoul_Rdate,5
2174,Seoul_Rdate,4
2175,Seoul_Rdate,20
2176,Seoul_Rdate,4
2177,Seoul_Rdate,20
2178,Seoul_Rdate,5
2179,Seoul_Rdate,6
2180,Seoul_Rdate,16
2181,Seoul_Rdate,15
2182,Seoul_Rdate,19
2183,Seoul_Rdate,18
2184,Seoul_Rdate,16
2185,Seoul_Rdate,12
2186,Seoul_Rdate,9
2187,Seoul_Rdate,9
2188,Seoul_Rdate,14
2189,Seoul_Rdate,24
2190,Seoul_Rdate,21
2191,Seoul_Rdate,15
2192,Seoul_Rdate,22
2193,Seoul_Rdate,13
2194,Seoul_Rdate,32
2195,Seoul_Rdate,20
2196,Seoul_Rdate,16
2197,Seoul_Rdate,24
2198,Seoul_Rdate,19
2199,Seoul_Rdate,10
2200,Seoul_Rdate,22
2201,Seoul_Rdate,16
2202,Seoul_Rdate,24
2203,Seoul_Rdate,23
2204,Seoul_Rdate,5
2205,Seoul_Rdate,25
2206,Seoul_Rdate,20
2207,Seoul_Rdate,14
2208,Seoul_Rdate,17
2209,Seoul_Rdate,10
2210,Seoul_Rdate,18
2211,Seoul_Rdate,26
2212,Seoul_Rdate,17
2213,Seoul_Rdate,17
2214,Seoul_Rdate,10
2215,Seoul_Rdate,21
2216,Seoul_Rdate,21
2217,Ulsan_Cdate,5
2218,Ulsan_Cdate,2
2219,Ulsan_Cdate,8
2220,Ulsan_Cdate,1
2221,Ulsan_Rdate,25
2222,Ulsan_Rdate,54
2223,Ulsan_Rdate,16
2224,Ulsan_Rdate,23
2225,Ulsan_Rdate,8
2226,Ulsan_Rdate,24
2227,Ulsan_Rdate,48
2228,Ulsan_Rdate,17
2229,Ulsan_Rdate,47
2230,Ulsan_Rdate,4
2231,Ulsan_Rdate,38
2232,Ulsan_Rdate,18
2233,Ulsan_Rdate,9
2234,Ulsan_Rdate,19
2235,Ulsan_Rdate,27
2236,Ulsan_Rdate,22
2237,Ulsan_Rdate,18
2238,Ulsan_Rdate,9
2239,Ulsan_Rdate,22
2240,Ulsan_Rdate,9
2241,Ulsan_Rdate,27
2242,Ulsan_Rdate,28
2243,Ulsan_Rdate,9
2244,Ulsan_Rdate,32
2245,Ulsan_Rdate,34
2246,Ulsan_Rdate,20
2247,Ulsan_Rdate,23
2248,Ulsan_Rdate,22
2249,Ulsan_Rdate,18
2250,Ulsan_Rdate,41
2251,Ulsan_Rdate,13
2252,Ulsan_Rdate,27
2253,Ulsan_Rdate,49
2254,Ulsan_Rdate,24
2255,Ulsan_Rdate,7
2256,Ulsan_Rdate,15
2257,Ulsan_Rdate,19
2258,Ulsan_Rdate,15
2259,Ulsan_Rdate,22
2260,Ulsan_Rdate,12
2261,Ulsan_Rdate,25
2262,Ulsan_Rdate,21
2263,Ulsan_Rdate,34
2264,Ulsan_Rdate,16
2265,Ulsan_Rdate,19
2266,Ulsan_Rdate,9
2267,Ulsan_Rdate,27
2268,Ulsan_Rdate,9
2269,Ulsan_Rdate,15
2270,Ulsan_Rdate,16
